---------------
-- CUSTOMERS --
---------------

INSERT INTO public.customers (id,id_number,"name",last_name,age,nationality) VALUES
	 ('ad033055-57c1-4a3a-9701-7da830ef2e2a','579-92-7595','Kendrick','Syms',22,'Afghanistan'),
	 ('b6d86a27-1974-426f-8b0e-b0ea87293003','248-35-1125','Spencer','Feedome',41,'Afghanistan'),
	 ('376e30cf-7624-4564-a5e9-e8aaa66453a0','540-53-3130','Julianna','Schouthede',75,'Afghanistan'),
	 ('37418689-156c-4943-b745-6216beed0e11','751-03-5213','Daisy','Baggelley',56,'Afghanistan'),
	 ('870373f5-29c8-41d9-9d57-f1923c5184e5','287-14-5792','Immanuel','Cuniam',47,'Afghanistan'),
	 ('17afa84a-997b-4df4-b05f-9f36581ca469','425-11-0173','Tally','Pearde',58,'Afghanistan'),
	 ('c32fd307-1035-4a99-abee-4ee68e61d49c','568-52-4853','Sergeant','Fuente',17,'Afghanistan'),
	 ('c56dde95-f2cf-4168-a343-5b59d7596ee3','282-69-1254','Pauletta','Tewes',93,'Afghanistan'),
	 ('55779ec8-8ee0-4662-9e3a-d6cc2d21b3ce','405-30-1166','Guillema','Angood',84,'Afghanistan'),
	 ('aef86ee6-a588-44d7-8b1f-7587442eef3d','156-31-6874','Chauncey','Critten',83,'Afghanistan');
INSERT INTO public.customers (id,id_number,"name",last_name,age,nationality) VALUES
	 ('e1a0aa37-1d06-4673-85db-faea264281c8','721-24-4904','Chandal','Dankersley',74,'Afghanistan'),
	 ('f8b1dbf2-1dba-4cb0-91a2-06cb217c43cc','882-11-7702','Alfy','Maty',56,'Afghanistan'),
	 ('c5c8778a-6eca-418e-acc5-362c6dafa0f0','391-61-9736','Arthur','Kitchingman',86,'Afghanistan'),
	 ('f16d8cc9-61ff-4b9e-97d3-7c198307f944','109-25-1032','Antoine','Trime',100,'Afghanistan'),
	 ('9a18a49f-d4c2-42b9-bcef-81b87c2ea86e','219-70-8656','Gordon','Merrifield',75,'Afghanistan'),
	 ('2287c963-acfe-4cb6-b53d-38e6de129afd','416-77-2340','Binny','Mulhall',67,'Afghanistan'),
	 ('2dad8fcb-a4c3-46a6-b1fe-01dceebc92f5','675-15-2310','Carrissa','MacColm',59,'Afghanistan'),
	 ('cf00617b-914c-407c-9bb5-643479b65563','549-80-4047','Aggy','Nail',68,'Afghanistan'),
	 ('5c85b3ef-f41e-4534-8516-bc3d7fb22355','605-90-8865','Barbabra','MacFie',81,'Afghanistan'),
	 ('57707956-d696-4d36-84bd-b0aa4942ccbc','154-06-1447','Chanda','Cunnane',90,'Afghanistan');
INSERT INTO public.customers (id,id_number,"name",last_name,age,nationality) VALUES
	 ('e2f7d685-b9a8-44d9-aec0-4bea7013225f','799-80-8623','Carmencita','Jopson',75,'Afghanistan'),
	 ('35dbe5c9-044a-47e8-8f38-665ae318148a','348-17-9207','Rodolphe','Blucher',30,'Afghanistan'),
	 ('3b3a1166-10d0-4c0b-89e0-0e7695fcc9d9','274-81-2009','Brunhilde','Kleeman',95,'Afghanistan'),
	 ('deed57ab-4aae-4c21-a483-05753b2ed632','713-69-1986','Paolo','Jaggard',16,'Afghanistan'),
	 ('00cf2dd4-a7de-4b7b-a35f-7380aec4441c','811-19-0375','Ulises','Sawart',97,'Afghanistan'),
	 ('8c511bc4-0ad9-4d27-a15e-4f0a29d66b85','553-80-2172','Idette','Tabb',2,'Afghanistan'),
	 ('2929fda2-7a7a-4dd8-b5e3-a94bbc9cdf52','834-98-6744','Janek','Gutierrez',89,'Afghanistan'),
	 ('eee20c57-806b-40a5-a498-7939c57b28d0','391-31-8679','Myrta','Newcome',14,'Afghanistan'),
	 ('8a9c0d4e-25e9-45de-8dcc-f80ec61c2675','415-40-1370','Nathanil','Vose',7,'Afghanistan'),
	 ('1816ead9-f862-4cd6-b20e-5049be3ba761','307-41-3785','Francklyn','Wetherby',15,'Afghanistan');
INSERT INTO public.customers (id,id_number,"name",last_name,age,nationality) VALUES
	 ('babaa54c-9e24-413a-82da-07c484b59e86','210-86-6104','Devin','Selvester',8,'Afghanistan'),
	 ('cada7f92-2a54-406b-acad-1aff8db5aec0','833-81-9318','Osmund','Shanley',80,'Afghanistan'),
	 ('d062e667-6b13-4d54-b73f-8485076083af','836-89-5052','Bancroft','Cherry Holme',20,'Afghanistan'),
	 ('1cfbbd55-d354-4630-bd63-47b09dc20a5e','198-77-2247','Glennis','Elks',39,'Afghanistan'),
	 ('bfeb3c96-6ae8-4cf0-b79d-89e3adc49705','594-48-1891','Sukey','Diable',6,'Afghanistan'),
	 ('5810ae0f-bee5-436c-92d9-11f4abf32f3d','222-44-7648','Con','Dowman',87,'Afghanistan'),
	 ('4523e3e4-ac07-4dda-b584-799e8707c612','378-19-8854','Cynde','Tuckwood',17,'Afghanistan'),
	 ('f5430c07-2e73-4a67-9a4a-12db228e68c6','674-45-7521','Hope','Portlock',49,'Afghanistan'),
	 ('9fcff638-1338-4332-91ad-3d73c25a8ded','133-46-2927','Dev','Kembry',54,'Afghanistan'),
	 ('baf0f982-af69-48fe-b04e-c6a5370cd9ec','265-83-3747','Nance','Scales',48,'Afghanistan');
INSERT INTO public.customers (id,id_number,"name",last_name,age,nationality) VALUES
	 ('bfd471f1-807d-4458-b07b-ded71e3ea2f0','761-11-6866','Mario','Weerdenburg',46,'Afghanistan'),
	 ('1091c62a-f4d1-4851-be3a-0f90ec300d84','508-39-2687','Halsey','Vickress',22,'Afghanistan'),
	 ('6d4a598e-f830-461d-bbd4-cbf03772b1a7','155-71-7875','Marget','Prettejohns',33,'Afghanistan'),
	 ('a432f9fd-3499-4a81-8f50-d500ac63f03a','704-81-1017','Denna','Gathwaite',99,'Afghanistan'),
	 ('91e98ac7-bbb3-49f5-82c8-b230eebfd66c','800-32-7791','Frannie','Slot',86,'Afghanistan'),
	 ('1df11900-97f8-4051-8082-1fd0e0104a8d','757-41-9073','Abbie','Izard',30,'Afghanistan'),
	 ('0aa39d09-e82c-4a9e-9673-dfd941b3add1','333-54-6144','Malinde','Canto',60,'Afghanistan'),
	 ('1304c7dd-c537-43d4-802a-7dbdc6ea0c12','322-66-3366','Jaclin','MacIllrick',14,'Afghanistan'),
	 ('fde72f8f-cebc-4376-a197-995cc8151e0e','163-21-0140','Neala','Bunnell',11,'Afghanistan'),
	 ('f93d2b23-60b8-4e12-8a24-66aa6cf7d066','694-98-3268','Travers','Skegg',48,'Afghanistan');
INSERT INTO public.customers (id,id_number,"name",last_name,age,nationality) VALUES
	 ('ec7ae906-c9a0-48eb-ad8d-faea0b62f29b','629-99-8581','Gwyneth','Matzel',96,'Afghanistan'),
	 ('530fea64-96a7-4fc1-acba-599fb5f453b4','876-65-8591','Lexine','McEwen',83,'Afghanistan'),
	 ('f1641fb8-44a9-495d-8070-c0a6dff3ef6e','387-47-3416','Eberto','Kaubisch',4,'Afghanistan'),
	 ('f91686c2-e57b-41fb-93fb-865ecf04fc23','325-62-3512','Zonnya','Cheel',71,'Afghanistan'),
	 ('46872420-0b91-4ba3-955d-30e88a515e4d','750-05-4290','Jecho','Bovey',24,'Afghanistan'),
	 ('c6b0eed6-e6a3-41c1-9e82-99c3083afb16','851-51-0884','Phillipe','Moncey',83,'Afghanistan'),
	 ('3a496bf0-5adb-4fd1-9088-62dd11f03039','654-87-0003','Johna','L''Hommeau',14,'Afghanistan'),
	 ('e3754d06-929c-4fec-a3c2-808c4c36bfde','367-03-5516','Melamie','Willcot',81,'Afghanistan'),
	 ('1252a8b9-eed9-4cf8-82f9-395400376c23','216-11-9351','Bealle','Bowart',29,'Afghanistan'),
	 ('0270cd55-1e9b-4e4b-9c20-34f5d807e0a2','578-64-2299','Marguerite','Gullyes',22,'Afghanistan');
INSERT INTO public.customers (id,id_number,"name",last_name,age,nationality) VALUES
	 ('d84ef3ff-aeef-4164-a099-efeba49b48fe','405-38-4447','Elvin','Shearsby',11,'Afghanistan'),
	 ('77bcbed3-eaa8-4b1e-a6f6-bf944f0a878e','511-59-3469','Emelyne','Greatbanks',74,'Afghanistan'),
	 ('94a5025e-85b1-4f92-aefc-ca61c26b5fd9','783-02-1795','Ciel','Ellicombe',76,'Afghanistan'),
	 ('7ff8b27e-6969-4a64-9d14-b1a08f94eb24','435-42-6822','Cchaddie','Manderson',44,'Afghanistan'),
	 ('4a17f191-fb82-4b3b-8062-49eb6e32bfa5','460-16-3920','Etan','Clac',32,'Afghanistan'),
	 ('698ab98c-91d7-4c6d-b7e2-f7eb82400a50','677-99-6723','Dyanna','MacSorley',26,'Afghanistan'),
	 ('0613e894-fb0b-43ff-92a7-9c583ddefd70','494-35-3306','Merv','Deevey',58,'Afghanistan'),
	 ('d63d087e-55b1-427b-8f02-794bf09452f9','396-61-7607','Owen','Sighard',57,'Afghanistan'),
	 ('25690726-4d0d-4e87-897b-55958bfc4278','423-95-4983','Gabriel','Crichten',38,'Afghanistan'),
	 ('d63bc149-249d-4aa8-8b53-903e071e0c83','213-96-6751','Othilia','Legerton',67,'Afghanistan');
INSERT INTO public.customers (id,id_number,"name",last_name,age,nationality) VALUES
	 ('10685bf5-1913-48f7-9acd-ab3a2843b27a','634-57-0501','Marys','Sandyfirth',53,'Afghanistan'),
	 ('6f245447-f93c-45c1-b1f3-dd9b6b9eef8e','841-04-7179','Basil','Mowat',80,'Afghanistan'),
	 ('180c3b32-f901-4358-a51a-7899aea300c3','496-68-4947','Rosanna','Raysdale',19,'Afghanistan'),
	 ('59bee825-38a2-443c-94f2-e80e12409139','433-20-0557','Aurel','Pyson',73,'Afghanistan'),
	 ('21f3e613-8d6e-4605-9902-c0f85cd22f25','783-26-4184','Red','Annable',55,'Afghanistan'),
	 ('be001980-2c32-44b6-b652-618f6ef1f916','200-17-1426','Miguel','Sunner',13,'Afghanistan'),
	 ('5c62064c-2bd3-47f7-9750-95b53470512a','642-31-2379','Sigismund','Jeal',15,'Afghanistan'),
	 ('79b99b74-7528-4d85-b768-cf695f2e233d','597-15-6431','Norri','Korneluk',68,'Afghanistan'),
	 ('6ad6ad0b-dd4b-4b51-a0b0-94ea3ce7a447','144-16-3764','Florella','McCathy',73,'Afghanistan'),
	 ('01fae3fd-a260-40e2-bc06-de746f54fe97','615-51-0991','Hally','Molan',42,'Afghanistan');
INSERT INTO public.customers (id,id_number,"name",last_name,age,nationality) VALUES
	 ('fd393d86-696e-45e4-bb26-324ad5c38c59','557-36-9349','Diarmid','Boatman',70,'Afghanistan'),
	 ('acd528bc-1865-420b-9bf0-384299d0ec30','266-47-9037','Suki','Branigan',10,'Afghanistan'),
	 ('77b28120-d20d-4812-a066-efd54f9dcab2','209-78-1635','Staci','Campsall',50,'Afghanistan'),
	 ('73088e81-df93-4d6f-bca6-9e54666eb3c4','679-74-4816','Marga','Petrescu',28,'Afghanistan'),
	 ('49f56638-c4bc-4777-9f5c-d9301e8b87ab','240-38-6009','Angus','Carlsson',97,'Afghanistan'),
	 ('fc110585-fb4c-4bb7-b7fc-39365b7a99c6','242-09-4065','Mariska','Kliche',13,'Afghanistan'),
	 ('70c7737a-bc07-4a09-af21-b003549edc57','568-63-2862','Melany','Caplis',99,'Afghanistan'),
	 ('d9926fa6-1dc1-4f6c-861d-b64050936f1e','195-94-9594','Mano','Casetta',22,'Afghanistan'),
	 ('66585b56-e82d-40b1-ac10-dfb95db2ae79','537-35-3377','Murdock','Liggons',58,'Afghanistan'),
	 ('21a0d400-4785-41b3-a52a-c6bd39db0b54','851-66-2840','Anjela','McCallum',3,'Afghanistan');
INSERT INTO public.customers (id,id_number,"name",last_name,age,nationality) VALUES
	 ('6beffda3-eff8-4e98-9e9f-86c56150c7aa','704-72-9525','Cointon','Rugge',49,'Afghanistan'),
	 ('5619343c-e2f2-4560-b7b6-830e7063e5ca','699-22-2423','Isac','Gaskall',27,'Afghanistan'),
	 ('7a4cf94e-c350-4ec0-99ee-0acfe8440bbf','822-23-5156','Marylin','Blain',97,'Afghanistan'),
	 ('d6116974-23c6-40c9-ab55-ab20769a77ae','643-23-7740','Aksel','Kausche',29,'Afghanistan'),
	 ('65edc170-93e2-4c36-8ded-2c06e91bb289','736-09-5407','Jolee','Britton',95,'Afghanistan'),
	 ('6e410846-0590-49f4-8c77-8ae64d17b52f','625-49-8607','Hieronymus','Westhofer',61,'Afghanistan'),
	 ('7972956b-c406-4de9-be9c-6fddb5c422ea','472-61-0682','Audrye','Doyland',45,'Afghanistan'),
	 ('a0543404-4480-46e2-bbed-0ee32051ece0','795-16-9491','Pennie','Antonovic',82,'Afghanistan'),
	 ('09bc1783-78a1-446c-9cd5-6ff93b672217','337-01-4057','Marinna','Potts',80,'Afghanistan'),
	 ('7368ae43-59d7-4664-b9f8-7c9a651b80aa','541-17-0788','Kendall','Hanscombe',78,'Afghanistan');


--------------
-- AIRPORTS --
--------------

INSERT INTO public.airports (id,"name",country,city) VALUES
	 ('1ca1694a-debe-4d8e-a9c1-d32eccb3fde7','AmBisome','China','Ganxi'),
	 ('e03b7382-4fac-486f-8014-c04137720f15','VAQTA','Czech Republic','Černošice'),
	 ('fa1f71e2-7584-4494-83f2-01791f1072e3','Assured Vaporizing Chest Rub','Peru','Lagunas'),
	 ('fde49ef4-7453-4113-b772-6ffd24fc986f','DILTIAZEM HYDROCHLORIDE','Russia','Mundybash'),
	 ('7b4dc683-dc47-437d-a830-a9eeff6febbb','Sarothamnus Aurum Special Order','Indonesia','Banturkrajan'),
	 ('47620c21-3b33-4e03-b8a3-8f1704759867','Sinus Tonic','Bangladesh','Bogra'),
	 ('abd70a4f-3f8c-4723-8933-5316ea7a7b86','Dicyclomine Hydrochloride','Portugal','Sá'),
	 ('66ea0cce-e561-4342-a651-1c382aa4a654','Aspergillus terreus','Spain','Palma De Mallorca'),
	 ('a455c040-40d3-4be8-a53e-0490130d46a2','AMOREPACIFIC','Brazil','Medina'),
	 ('7c1cb423-2971-4a5c-9816-78c6cad06412','BACTIMICINA COUGH AND COLD','Japan','Yoshii');
INSERT INTO public.airports (id,"name",country,city) VALUES
	 ('13d8f9b7-f8ee-40e5-b7f0-2dcb4e8540c2','HYDROCODONE BITARTRATE','Thailand','Mae Sot'),
	 ('d90cdbb6-3bfa-4686-b95d-a7bfdf486209','Daytime PE Nitetime','Costa Rica','La Fortuna'),
	 ('99a5ef8c-4ce7-411f-8ad9-bfd6a1b96d7d','Furosemide','Guatemala','Jacaltenango'),
	 ('0a8d350f-a740-43e5-aea9-3417b7e4a49f','Kentucky Bluegrass (June), Standardized','China','Yongxing'),
	 ('88ad13c3-1760-4bf5-9588-b934535f0b53','Neutrogena TGel Therapeutic','Indonesia','Tekik Wetan'),
	 ('05e2ccbb-4667-4f7e-bb0f-8133095b829b','ESIKA','China','Jingyang'),
	 ('95618502-6aa8-4bee-88d4-0aa837287a8f','ZYRTEC','Uruguay','San Bautista'),
	 ('e76ad9e4-8a88-400d-baae-ed09dacd044b','Simvastatin','China','Dazhigu'),
	 ('5649fa52-acbc-48a2-a029-ac60f20c4da3','CAMPHOR','China','Pengshi'),
	 ('cd7ff342-18a5-4d9b-bb82-b6060436fc18','Baclofen','South Korea','Changwon');
INSERT INTO public.airports (id,"name",country,city) VALUES
	 ('c40d01db-e72e-4546-acb2-3678552ac7e6','Antibacterial Foaming Hand Sanitizer','Norway','Sandefjord'),
	 ('62bef1d2-8aea-4d43-bb11-0e853c4fe2b5','Glimepiride','Argentina','Comodoro Rivadavia'),
	 ('64d08db0-a998-486a-b21d-3a498ba324cc','Morphine Sulfate','Finland','Alavieska'),
	 ('8ecd3a95-d065-4ddc-88d8-129ff49e2172','Antibacterial Hand Soap','Russia','Verkhniye Kigi'),
	 ('97866abe-667f-4b43-99bf-b7fc264a468b','Fusarium compactum','Poland','Ścinawa'),
	 ('520dbc96-f562-4d4e-86a0-f4306485fbd9','Ketorolac Tromethamine','Micronesia','Elato'),
	 ('91d773dc-b346-4b3a-ae1b-f82b71bc7263','Duavee','Japan','Tsuruga'),
	 ('2df0b812-a93e-4b39-bf48-d2db9b39441b','Chaetomium globosum','China','Maba'),
	 ('00343c05-da71-41c7-9d43-47db75f2a778','SINGULAIR','Saudi Arabia','Al Wajh'),
	 ('a8ab8d0e-812d-4192-a4c1-2365bb61c1ac','Spironolactone','East Timor','Dili');
INSERT INTO public.airports (id,"name",country,city) VALUES
	 ('6f25862e-7df0-466b-9425-4462a9482429','SMART SENSE','Tanzania','Ngudu'),
	 ('17831794-b536-42ce-aa50-8306971f2868','Cyclobenzaprine Hydrochloride','Russia','Yakovlevskoye'),
	 ('207242ca-1d75-4cc5-9ccd-dbabce1766e3','Therabenzaprine-90','Thailand','Na Khu'),
	 ('b407d6b2-befe-4dcf-9ecd-a5c38da895b3','Softlips Intense Moisture Citrus Mint','China','Jiubao'),
	 ('048c7ee4-ac0a-4c21-b9b5-776a279fd54a','Berberis Oxalis','Indonesia','Sumuranyar'),
	 ('f7e1fbdf-269a-44b5-ac30-f63abac1711b','Axe','Portugal','Estribeiro'),
	 ('a753521b-92a1-4ca5-ac8c-9f4740174982','Acne Rescue','Albania','Shushicë'),
	 ('b6c1aee4-b607-4916-8dc9-d0b069e54f7f','Madrid Airport','Brazil','Franco da Rocha'),
	 ('6b70a4b6-325a-4e15-9bbf-b1bdf6f6c55b','California Mugwort','China','Baishigou'),
	 ('747567f9-ec1e-4a51-8f40-069b04a51432','Airport Bogota','Portugal','São Martinho do Campo');
INSERT INTO public.airports (id,"name",country,city) VALUES
	 ('c55d98e1-af2d-4fbb-82f4-08c9c44875ed','Bryonia Alba Kit Refill','Vietnam','Pho Duc'),
	 ('2a010c5e-e5e7-4f6e-a4ba-8cff9e0d931e','Olanzapine','Sweden','Lidingö'),
	 ('20740a43-9f93-4c80-b57b-5385a881bc9f','Anti-Perspirant Deodorant','Philippines','Santa Monica'),
	 ('68526b47-8c36-4a01-8998-a37a978ebabc','Dilantin Infatabs','Bulgaria','Bratsigovo'),
	 ('41a82d46-228a-4c26-bdfc-7d7bbd5a9e82','Argentum carbonicum 6 Special Order','China','Beijiang'),
	 ('5cf14a3d-ca5e-4df9-942a-3e1b55fde422','Atopalm Acne Controlling','Luxembourg','Saeul'),
	 ('e673edf7-de2a-4549-b32d-a6e71df509f2','HYDRACLEAR HYDRATING ACNE GEL','Indonesia','Sukacai Tengah'),
	 ('2335b67a-34ab-43f2-9a5a-009462058ed2','Daytime Flu Relief Therapy','Finland','Lappi'),
	 ('e4889d92-16ff-4dec-a474-ba5a9667af87','UNDECYLENIC ACID','Czech Republic','Nasavrky'),
	 ('a17a66c0-bf53-4103-88c9-a2246e73deda','Zubsolv','France','Belfort');
INSERT INTO public.airports (id,"name",country,city) VALUES
	 ('7784641c-2345-4e04-a330-4409b227ddd2','Citalopram','Brazil','Santo Amaro'),
	 ('ace63fbe-bb7d-4549-b756-ca61ae6f3deb','womans laxative','Mexico','Hidalgo'),
	 ('ce6c436d-b568-461d-9b38-bd7f8b8843e9','Bone Care','Belarus','Ivanava'),
	 ('4a86dec0-6d74-4a6f-86f8-9e9e5e226578','Amazing Grace Antiperspirant and Deodorant','China','Zhongdong'),
	 ('8a6417da-f0e8-4b5e-ad51-9dc22bcf0f81','Alternaria alternata','France','Villejuif'),
	 ('942bb66a-c2fa-45b7-9c06-0b3651149b6a','Haloperidol','Indonesia','Pasarkolot'),
	 ('28a12ff0-4a1e-46e1-9b14-81300feb96ec','SHISEIDO WHITE','Philippines','Panitian'),
	 ('8abb4a02-2c4d-42fe-b811-a76851fab0e3','Vineyard Antibacterial Foaming Hand Wash','China','Yangxiang'),
	 ('493d59f8-018e-45e8-b1e3-b2609a2fe901','Quillivant','Brazil','Pinheiral'),
	 ('61ba70b9-2cfc-449f-91b1-8a8197caa531','CELEBREX','Vietnam','Đắk Mâm');
INSERT INTO public.airports (id,"name",country,city) VALUES
	 ('06364503-1d63-4cdc-981a-0fddf9afbd47','Minocycline Hydrochloride','Netherlands','Zeewolde'),
	 ('82bbbe6b-3e1e-4567-a71c-c43350259afb','Heparin Sodium','Panama','El Coco'),
	 ('e5ae1766-cb97-49bc-a12c-f62ecc31cac6','Topiramate','Philippines','Nangalisan'),
	 ('832e0cad-2ba8-4eff-bebe-90a518b9a4ab','Childrens Colic RELIEF','Czech Republic','Uničov'),
	 ('4845c46e-aa32-4bc3-b9a9-f326bce2fdf1','Aveeno Active Naturals Natural Protection','China','Guanyinsi'),
	 ('53a2a9f3-3124-4682-9215-b14a4473747d','White Poplar','Brazil','Humaitá'),
	 ('c20168ad-d17a-4e9e-b127-b360316bee23','Clonazepam','Ukraine','Velyka Bilozerka'),
	 ('1f65c8f2-d4bd-4fba-b3f7-5c88a971ed2f','Maalox','China','Andou'),
	 ('c3020e98-c08d-46a8-9d08-a248c045a4c1','Ibuprofen','France','Châtillon'),
	 ('04600001-2665-4aea-8e88-c34fac519f59','BENICAR HCT','China','Mudanjiang');
INSERT INTO public.airports (id,"name",country,city) VALUES
	 ('bc1c6ad2-122a-4b90-aef3-2478349fd49e','Prochlorperazine Edisylate','Russia','Dostoyevka'),
	 ('7a780116-3e82-4fee-b717-44828a7d383d','Metformin Hydrochloride','Kazakhstan','Energeticheskiy'),
	 ('6cd3b2da-7ac3-4c1d-8555-72c2471b966d','Pollens - Trees, Pecan Carya Carya illinoensis','Portugal','Faro'),
	 ('2e8dc4c9-0c72-4e7f-b0e6-480767ef279e','Amlodipine Besylate','Japan','Shiozawa'),
	 ('ce4bd31a-4895-4d2e-b0a4-97cb40d91275','Cocoa Latte Dark','Oman','Bawshar'),
	 ('1d875dc1-10bf-4c05-9cfe-ff048249e756','Hydrocodone Ibuprofen','Indonesia','Banyuresmi'),
	 ('edc05156-6034-406c-ac41-93e2259d801e','Dr. OBERON BODY OIL','Brazil','Coruripe'),
	 ('918e6211-7a3a-4dcc-babf-8136d4202fb6','Advance Techniques Keep Clear','United States','Kansas City'),
	 ('571a43dc-b184-4238-9250-4173249227f5','Pravastatin Sodium','Poland','Hornówek'),
	 ('8574c399-c755-46cd-b915-9360c35ea8b4','Carvedilol','China','Xianshui');
INSERT INTO public.airports (id,"name",country,city) VALUES
	 ('4bf5a9d2-14c2-418d-91e3-7fd56c0d4af7','lice killing','France','Nantes'),
	 ('13465445-fa9a-4c8e-adc7-659aac11da30','Cephalexin','Serbia','Šimanovci'),
	 ('3d6e42e2-972a-456f-b582-146b64896f92','Fluconazole','Brazil','Barra'),
	 ('a932ed9f-baf0-4bbb-83db-fdf2b99d17c2','Salagen','United States','Detroit'),
	 ('2d02219f-ac9a-4a68-a0c3-30e5be4aca8a','PURELL Advanced Hand Sanitizer Aspen Retreat','Sweden','Stockholm'),
	 ('e6953be4-256d-4e8d-bb1d-a5d56823320e','MERCURIUS VIVUS','Indonesia','Plumbon'),
	 ('92443c34-07e7-4cef-9af3-fac32d75b06b','SUGAR FREE PSYLDEX','China','Pujijie'),
	 ('6c589f68-ee47-4512-b3bb-e3a608eee03b','Antibacterial Foaming Hand Cleanser','Seychelles','Anse Boileau'),
	 ('b350f33b-dfa9-474f-8f21-edeb6f8fabdf','Carnitor','China','Tongzha'),
	 ('80fd4878-504d-4ff1-a55d-ea249557df27','INATAL Ultra','Armenia','Nizami');
INSERT INTO public.airports (id,"name",country,city) VALUES
	 ('e42b5ecf-9cf6-40f5-aeb9-1389870fcb9c','Piperacillin and Tazobactam','China','Xiaoguwei'),
	 ('64c5deb4-3a80-4a9f-a176-c2f296612ce6','ABILIFY','China','Heitan'),
	 ('f5ea3ee6-ee72-4197-8abe-3b85d7cccef2','Select Health Allergy Relief','Mali','Tessalit'),
	 ('03a4420c-fe56-48c9-b0c8-cf5a78c5556f','Lactulose','Chile','Taltal'),
	 ('e497ff41-d197-47f6-889c-471535571ddb','Food - Dairy Products, Milk, Whole Cow','Indonesia','Sedatiagung'),
	 ('ea29c886-fe7c-4b18-9972-109e0a5c9b83','Orasep','Indonesia','Ulimonong'),
	 ('24ebce0c-05b9-4857-a812-b099fd87e355','Infectistat','Philippines','Nagrumbuan'),
	 ('8860b53e-604d-4003-aa63-5b26340e2e1f','Octisalate, Avobenzone, Homosalate, Octocrylene','Chile','Las Animas'),
	 ('9e163ae1-684c-4422-8b44-e50b446920af','SODIUM SULFACETAMIDE AND SULFUR','Libya','Al Marj'),
	 ('a9607458-5bfb-452c-8461-6057bac280c5','Naltrexone Hydrochloride','Uzbekistan','Bulung’ur');

-------------
-- FLIGHTS --
-------------


INSERT INTO public.flights (id,origin_id,destination_id,layover_id,airline_name,departure_date,arrival_date,distance,max_capacity,actual_capacity) VALUES
	 ('29a7d484-89ec-400c-a181-89b82ba1b0b2','8ecd3a95-d065-4ddc-88d8-129ff49e2172','cd7ff342-18a5-4d9b-bb82-b6060436fc18',NULL,'Nisi Sem Semper LLP','2022-01-10 08:33:53+01','2022-09-24 22:20:49+02',390,70,39),
	 ('395210fe-a2c7-4e98-afbc-7350d2b3306b','62bef1d2-8aea-4d43-bb11-0e853c4fe2b5','cd7ff342-18a5-4d9b-bb82-b6060436fc18',NULL,'Arcu Iaculis Enim Corp.','2018-06-05 20:01:44+02','2021-10-04 23:54:38+02',2400,70,38),
	 ('1b3e2b27-44b9-4216-b23a-a74d0f200bf8','05e2ccbb-4667-4f7e-bb0f-8133095b829b','cd7ff342-18a5-4d9b-bb82-b6060436fc18',NULL,'Lacinia Sed Associates','2018-05-24 15:05:15+02','2020-12-21 18:39:34+01',1299,70,23),
	 ('e7a641ad-eb07-4e24-a962-f9152149fe10','64d08db0-a998-486a-b21d-3a498ba324cc','cd7ff342-18a5-4d9b-bb82-b6060436fc18',NULL,'Ut Pharetra Associates','2018-08-21 02:01:20+02','2020-10-21 01:05:54+02',4737,60,43),
	 ('71dc6ead-b590-45b1-aa00-c0cd88879b79','97866abe-667f-4b43-99bf-b7fc264a468b','2df0b812-a93e-4b39-bf48-d2db9b39441b',NULL,'Pede Corp.','2021-03-09 17:50:14+01','2021-11-06 01:02:47+01',6728,70,18),
	 ('99d1ac55-3c05-42d0-83fb-32a5a701dc1b','99a5ef8c-4ce7-411f-8ad9-bfd6a1b96d7d','cd7ff342-18a5-4d9b-bb82-b6060436fc18',NULL,'Nonummy Ultricies Ornare Institute','2020-09-27 18:44:57+02','2020-11-07 18:01:23+01',5123,60,26),
	 ('765ddcec-c68d-4f2e-b843-9a70edbc6177','99a5ef8c-4ce7-411f-8ad9-bfd6a1b96d7d','cd7ff342-18a5-4d9b-bb82-b6060436fc18',NULL,'Phasellus Dapibus Limited','2021-06-26 14:04:26+02','2022-07-15 03:17:50+02',8928,60,19),
	 ('51808afe-b648-4eb3-8fdb-cfd36d7af947','05e2ccbb-4667-4f7e-bb0f-8133095b829b','cd7ff342-18a5-4d9b-bb82-b6060436fc18',NULL,'Iaculis Quis Pede Foundation','2018-10-20 07:38:30+02','2022-08-22 02:09:56+02',7103,80,8),
	 ('8f1291da-0103-4712-8cd0-6fa5d1d8238b','97866abe-667f-4b43-99bf-b7fc264a468b','cd7ff342-18a5-4d9b-bb82-b6060436fc18',NULL,'Urna Vivamus Corporation','2021-05-09 23:52:35+02','2021-07-23 23:32:06+02',2304,60,37),
	 ('63e81ffe-ad62-4562-970f-aac68556a645','62bef1d2-8aea-4d43-bb11-0e853c4fe2b5','2df0b812-a93e-4b39-bf48-d2db9b39441b',NULL,'Purus Ltd','2018-07-14 06:53:02+02','2021-09-06 00:17:11+02',3031,80,16);
INSERT INTO public.flights (id,origin_id,destination_id,layover_id,airline_name,departure_date,arrival_date,distance,max_capacity,actual_capacity) VALUES
	 ('633f5040-9d9f-43fe-9358-505d03248fc7','8ecd3a95-d065-4ddc-88d8-129ff49e2172','2df0b812-a93e-4b39-bf48-d2db9b39441b',NULL,'Varius Corporation','2017-04-29 19:30:58+02','2020-05-02 06:15:27+02',8315,60,55),
	 ('78866e39-8647-4992-b12c-9245a1b68001','0a8d350f-a740-43e5-aea9-3417b7e4a49f','cd7ff342-18a5-4d9b-bb82-b6060436fc18',NULL,'Suspendisse Sed Corporation','2017-07-25 13:11:33+02','2021-03-01 04:24:28+01',3686,80,38),
	 ('7729c4a9-d8e1-452c-818f-814db33046b9','62bef1d2-8aea-4d43-bb11-0e853c4fe2b5','2df0b812-a93e-4b39-bf48-d2db9b39441b',NULL,'Urna Justo Associates','2018-07-04 12:53:11+02','2020-08-14 00:28:47+02',8360,70,33),
	 ('9248c88b-f01b-493f-b41f-b613d3b19653','99a5ef8c-4ce7-411f-8ad9-bfd6a1b96d7d','2df0b812-a93e-4b39-bf48-d2db9b39441b',NULL,'Sed Limited','2017-02-28 05:37:35+01','2020-12-21 01:13:29+01',5424,60,43),
	 ('55af3c4f-d845-48c9-b0a6-f92d67d91fbf','97866abe-667f-4b43-99bf-b7fc264a468b','2df0b812-a93e-4b39-bf48-d2db9b39441b',NULL,'Odio Inc.','2020-11-28 23:33:26+01','2022-02-02 14:00:46+01',5359,80,14),
	 ('3e9ca162-1ff9-4d7d-99fe-fd130afa1b89','8ecd3a95-d065-4ddc-88d8-129ff49e2172','cd7ff342-18a5-4d9b-bb82-b6060436fc18',NULL,'Semper Dui Company','2018-10-01 20:54:39+02','2020-12-05 16:17:24+01',8301,80,49),
	 ('4a430abd-8bb6-4b3b-b89a-02aab9f8e317','8ecd3a95-d065-4ddc-88d8-129ff49e2172','2df0b812-a93e-4b39-bf48-d2db9b39441b',NULL,'Et Rutrum LLC','2021-06-10 23:31:22+02','2022-09-20 18:15:29+02',7209,70,16),
	 ('46c103c4-6602-4f66-aff8-ee08de8a5771','8ecd3a95-d065-4ddc-88d8-129ff49e2172','2df0b812-a93e-4b39-bf48-d2db9b39441b',NULL,'Nec Corporation','2021-09-01 18:38:47+02','2021-12-15 03:08:23+01',3475,70,58),
	 ('3d63a5a6-9f5c-45c7-85a6-f0ca9a393881','62bef1d2-8aea-4d43-bb11-0e853c4fe2b5','2df0b812-a93e-4b39-bf48-d2db9b39441b',NULL,'Erat Etiam Vestibulum Foundation','2018-02-11 21:21:00+01','2020-06-23 07:35:27+02',1600,70,4),
	 ('e0300a60-ffc1-407b-832c-249e5c50a83b','99a5ef8c-4ce7-411f-8ad9-bfd6a1b96d7d','2df0b812-a93e-4b39-bf48-d2db9b39441b',NULL,'Arcu Vivamus Institute','2020-09-24 20:56:50+02','2021-01-21 15:47:42+01',1384,60,11);
INSERT INTO public.flights (id,origin_id,destination_id,layover_id,airline_name,departure_date,arrival_date,distance,max_capacity,actual_capacity) VALUES
	 ('27abf0d5-cfed-4d28-bf73-b1a76a0f65cb','64d08db0-a998-486a-b21d-3a498ba324cc','cd7ff342-18a5-4d9b-bb82-b6060436fc18',NULL,'Erat Volutpat Incorporated','2020-05-20 10:47:44+02','2020-11-17 00:03:50+01',3530,60,31),
	 ('2c4fcf07-1de0-4a15-b5e2-898d1f23583e','62bef1d2-8aea-4d43-bb11-0e853c4fe2b5','2df0b812-a93e-4b39-bf48-d2db9b39441b',NULL,'Enim Condimentum Corp.','2017-10-28 15:02:17+02','2021-05-06 10:06:47+02',5051,60,14),
	 ('6565b0b9-e074-4656-acd4-b9892edfa68d','05e2ccbb-4667-4f7e-bb0f-8133095b829b','2df0b812-a93e-4b39-bf48-d2db9b39441b',NULL,'Augue Porttitor Incorporated','2020-07-19 20:53:12+02','2022-05-27 00:40:22+02',8922,80,28),
	 ('09efde66-5722-46ba-bb65-8b9bf061738a','99a5ef8c-4ce7-411f-8ad9-bfd6a1b96d7d','cd7ff342-18a5-4d9b-bb82-b6060436fc18',NULL,'Dui Nec LLC','2017-10-20 05:14:31+02','2020-08-29 00:03:56+02',4078,60,56),
	 ('a618000b-9e64-46f3-9c6c-5f44e775170f','62bef1d2-8aea-4d43-bb11-0e853c4fe2b5','cd7ff342-18a5-4d9b-bb82-b6060436fc18',NULL,'Lobortis Tellus Associates','2020-07-16 11:40:27+02','2022-07-28 14:47:43+02',9073,70,19),
	 ('4c6bdf93-fab1-4e8e-bbdc-c4dc9b9f4e53','99a5ef8c-4ce7-411f-8ad9-bfd6a1b96d7d','cd7ff342-18a5-4d9b-bb82-b6060436fc18',NULL,'Nam Institute','2018-06-27 10:59:09+02','2021-06-27 15:54:26+02',6373,70,32),
	 ('5dc30499-f5d3-4325-884a-62e746365775','64d08db0-a998-486a-b21d-3a498ba324cc','2df0b812-a93e-4b39-bf48-d2db9b39441b',NULL,'Commodo At Industries','2018-06-16 03:56:02+02','2021-11-04 04:08:24+01',6387,80,32),
	 ('69278a72-bfb8-4b52-a226-fedc27df27fa','62bef1d2-8aea-4d43-bb11-0e853c4fe2b5','2df0b812-a93e-4b39-bf48-d2db9b39441b',NULL,'Sollicitudin Commodo Incorporated','2021-07-11 13:36:43+02','2022-01-31 01:39:39+01',6347,70,16),
	 ('1b8485de-e631-498e-921d-f1451340d96b','97866abe-667f-4b43-99bf-b7fc264a468b','cd7ff342-18a5-4d9b-bb82-b6060436fc18',NULL,'Sem Elit Incorporated','2018-08-26 02:26:50+02','2020-07-02 21:43:33+02',2831,80,46),
	 ('bc957a20-a942-4925-a873-7dff865fd654','64d08db0-a998-486a-b21d-3a498ba324cc','2df0b812-a93e-4b39-bf48-d2db9b39441b',NULL,'Odio Nam Incorporated','2018-04-14 12:14:22+02','2020-10-21 17:39:11+02',8196,60,45);
INSERT INTO public.flights (id,origin_id,destination_id,layover_id,airline_name,departure_date,arrival_date,distance,max_capacity,actual_capacity) VALUES
	 ('4d64d0ae-f8a3-4ac8-8eb3-dd48840daa7f','99a5ef8c-4ce7-411f-8ad9-bfd6a1b96d7d','cd7ff342-18a5-4d9b-bb82-b6060436fc18',NULL,'Eu Odio PC','2020-08-24 23:08:03+02','2022-04-25 12:02:09+02',3055,70,12),
	 ('3f817a91-c4fa-4b68-9c3e-96c5305e2bda','64d08db0-a998-486a-b21d-3a498ba324cc','cd7ff342-18a5-4d9b-bb82-b6060436fc18',NULL,'Sapien Aenean Consulting','2020-11-07 23:00:21+01','2021-11-23 11:47:57+01',6679,60,2),
	 ('434608d0-09bd-4373-8dee-afc6f222c429','62bef1d2-8aea-4d43-bb11-0e853c4fe2b5','cd7ff342-18a5-4d9b-bb82-b6060436fc18',NULL,'Pede Praesent Associates','2017-03-23 01:19:55+01','2020-04-14 21:39:04+02',263,70,59),
	 ('dadbebca-b079-49b5-9e89-8586646bfd06','0a8d350f-a740-43e5-aea9-3417b7e4a49f','2df0b812-a93e-4b39-bf48-d2db9b39441b',NULL,'Sed Malesuada PC','2018-10-12 04:27:13+02','2020-08-19 00:51:46+02',6010,70,27),
	 ('1d10b14a-1cf8-46a3-8559-4d87bb31a42b','64d08db0-a998-486a-b21d-3a498ba324cc','cd7ff342-18a5-4d9b-bb82-b6060436fc18',NULL,'Lacus Quisque Foundation','2018-05-31 04:43:21+02','2021-03-23 00:01:59+01',6601,80,22),
	 ('e36c07e9-d765-4ebb-8fb3-1b824f93ebab','99a5ef8c-4ce7-411f-8ad9-bfd6a1b96d7d','cd7ff342-18a5-4d9b-bb82-b6060436fc18',NULL,'Pede Limited','2020-07-04 06:01:42+02','2021-09-19 12:50:18+02',5386,80,6),
	 ('ea3c0228-4cf8-4ea3-9f50-0e2049966c85','64d08db0-a998-486a-b21d-3a498ba324cc','cd7ff342-18a5-4d9b-bb82-b6060436fc18',NULL,'Amet Diam Eu Associates','2018-04-05 05:15:58+02','2020-07-04 14:35:59+02',524,70,35),
	 ('bc762cba-2582-42c8-bfb0-e32c73907c45','64d08db0-a998-486a-b21d-3a498ba324cc','cd7ff342-18a5-4d9b-bb82-b6060436fc18',NULL,'Lectus LLP','2018-03-09 16:34:41+01','2021-08-17 02:20:09+02',3765,80,55),
	 ('82fa3302-6e2a-4567-80ab-326c75f75db3','62bef1d2-8aea-4d43-bb11-0e853c4fe2b5','cd7ff342-18a5-4d9b-bb82-b6060436fc18',NULL,'Quisque Tincidunt Industries','2021-01-13 02:38:35+01','2021-02-10 18:17:28+01',6913,80,59),
	 ('d73324bc-1107-451a-8383-f44630a194c5','8ecd3a95-d065-4ddc-88d8-129ff49e2172','cd7ff342-18a5-4d9b-bb82-b6060436fc18',NULL,'Mattis Cras Inc.','2018-10-29 14:49:12+01','2020-11-26 04:54:54+01',9245,60,39);
INSERT INTO public.flights (id,origin_id,destination_id,layover_id,airline_name,departure_date,arrival_date,distance,max_capacity,actual_capacity) VALUES
	 ('9f4bd368-f3ac-46c4-8b87-686571c5c51a','62bef1d2-8aea-4d43-bb11-0e853c4fe2b5','cd7ff342-18a5-4d9b-bb82-b6060436fc18',NULL,'Mollis Lectus Incorporated','2017-07-23 10:10:03+02','2021-06-08 22:00:24+02',3542,70,57),
	 ('e9c30533-d38b-48f7-936d-ab9b5be8c859','05e2ccbb-4667-4f7e-bb0f-8133095b829b','cd7ff342-18a5-4d9b-bb82-b6060436fc18',NULL,'Proin Nisl Sem Corporation','2018-05-11 05:18:52+02','2021-12-11 00:22:31+01',3381,60,13),
	 ('206dd19c-444e-493c-a06f-927b8f33e9ff','0a8d350f-a740-43e5-aea9-3417b7e4a49f','2df0b812-a93e-4b39-bf48-d2db9b39441b',NULL,'Aliquam PC','2017-09-16 05:47:23+02','2020-05-16 19:36:10+02',3099,60,53),
	 ('dcfadda5-3299-4a28-8273-808103a98384','0a8d350f-a740-43e5-aea9-3417b7e4a49f','2df0b812-a93e-4b39-bf48-d2db9b39441b',NULL,'Adipiscing Elit Industries','2020-11-24 13:22:56+01','2021-03-11 13:46:47+01',9394,70,31),
	 ('195818e3-b50f-4c68-8b23-5366300b232f','64d08db0-a998-486a-b21d-3a498ba324cc','2df0b812-a93e-4b39-bf48-d2db9b39441b',NULL,'Lacus Cras Interdum Inc.','2017-04-16 15:41:49+02','2020-10-27 21:05:11+01',4546,70,47),
	 ('999fde89-65f6-4ff7-bc26-98fd387fa342','62bef1d2-8aea-4d43-bb11-0e853c4fe2b5','2df0b812-a93e-4b39-bf48-d2db9b39441b',NULL,'Eget Nisi Dictum LLP','2021-10-03 20:06:46+02','2022-01-06 05:58:55+01',81,80,15),
	 ('bdee60d1-a84a-4a01-beac-30b22b043ebb','8ecd3a95-d065-4ddc-88d8-129ff49e2172','cd7ff342-18a5-4d9b-bb82-b6060436fc18',NULL,'Morbi Quis Corp.','2020-08-23 19:24:43+02','2022-07-19 02:00:50+02',8802,60,21),
	 ('233a12d5-aa3d-4e60-a9a2-fa4afdb666bb','64d08db0-a998-486a-b21d-3a498ba324cc','cd7ff342-18a5-4d9b-bb82-b6060436fc18',NULL,'Scelerisque Neque Nullam Corporation','2018-02-27 09:09:22+01','2022-01-19 23:59:05+01',6432,60,50),
	 ('26606b3e-9e86-4579-8b12-6c799f1b9213','62bef1d2-8aea-4d43-bb11-0e853c4fe2b5','2df0b812-a93e-4b39-bf48-d2db9b39441b',NULL,'Luctus Felis Industries','2021-10-22 02:33:23+02','2022-08-03 08:28:14+02',3235,80,3),
	 ('1667ea5f-d5c9-433e-902c-73ae7c39ef50','97866abe-667f-4b43-99bf-b7fc264a468b','2df0b812-a93e-4b39-bf48-d2db9b39441b',NULL,'Magna Corporation','2021-12-17 02:35:28+01','2022-09-29 07:28:01+02',629,70,42);
INSERT INTO public.flights (id,origin_id,destination_id,layover_id,airline_name,departure_date,arrival_date,distance,max_capacity,actual_capacity) VALUES
	 ('1c73e004-b124-4438-a117-59fed90facb9','99a5ef8c-4ce7-411f-8ad9-bfd6a1b96d7d','2df0b812-a93e-4b39-bf48-d2db9b39441b',NULL,'Amet Nulla Associates','2020-10-08 17:12:13+02','2022-08-19 19:09:02+02',2053,60,50),
	 ('f0c9337b-872d-43d8-a1d0-52f4c3b9cb58','64d08db0-a998-486a-b21d-3a498ba324cc','cd7ff342-18a5-4d9b-bb82-b6060436fc18',NULL,'Et Arcu Imperdiet Incorporated','2017-11-02 09:11:13+01','2020-08-03 22:32:34+02',7094,70,52),
	 ('0dc6e7fa-7bdf-48b2-9088-a712f0074e78','8ecd3a95-d065-4ddc-88d8-129ff49e2172','2df0b812-a93e-4b39-bf48-d2db9b39441b',NULL,'Convallis Ligula Donec Incorporated','2018-03-10 04:57:51+01','2021-12-19 09:49:27+01',8870,80,2),
	 ('4688c71f-0767-4ee9-a78d-bbab6a51f9d3','64d08db0-a998-486a-b21d-3a498ba324cc','cd7ff342-18a5-4d9b-bb82-b6060436fc18',NULL,'Malesuada Malesuada Foundation','2017-11-01 03:51:44+01','2021-04-05 02:26:20+02',2051,60,24),
	 ('42dcc9bc-8e32-4118-b349-cda4528a99bc','99a5ef8c-4ce7-411f-8ad9-bfd6a1b96d7d','2df0b812-a93e-4b39-bf48-d2db9b39441b',NULL,'Nulla Ante LLC','2021-08-11 09:51:07+02','2021-09-20 16:24:17+02',2060,60,38),
	 ('dc427046-7b6b-4a8f-9fbb-37916f112518','62bef1d2-8aea-4d43-bb11-0e853c4fe2b5','2df0b812-a93e-4b39-bf48-d2db9b39441b',NULL,'Nisl Quisque Industries','2020-12-31 20:10:00+01','2021-08-15 16:47:49+02',6799,70,46),
	 ('33024c1a-b9a6-44d8-94a5-c2c4c52fd706','05e2ccbb-4667-4f7e-bb0f-8133095b829b','cd7ff342-18a5-4d9b-bb82-b6060436fc18',NULL,'Sit Amet Institute','2018-03-09 04:49:15+01','2022-02-08 18:59:20+01',1869,70,8),
	 ('ec0fc36d-6e5e-40af-8bf2-cfec5aeee4a5','99a5ef8c-4ce7-411f-8ad9-bfd6a1b96d7d','2df0b812-a93e-4b39-bf48-d2db9b39441b',NULL,'Aliquam Enim LLP','2021-10-02 14:29:19+02','2021-12-16 16:18:46+01',2867,70,7);
INSERT INTO public.flights (id,origin_id,destination_id,layover_id,airline_name,departure_date,arrival_date,distance,max_capacity,actual_capacity) VALUES
	 ('ba9ce94c-df30-437e-8b6e-ecdfb665ab5d','8ecd3a95-d065-4ddc-88d8-129ff49e2172','2df0b812-a93e-4b39-bf48-d2db9b39441b',NULL,'Lobortis PC','2018-02-15 04:50:03+01','2020-09-20 20:23:46+02',9622,60,35),
	 ('64401dd9-8b54-4556-b8c8-51f158acbc49','05e2ccbb-4667-4f7e-bb0f-8133095b829b','cd7ff342-18a5-4d9b-bb82-b6060436fc18',NULL,'Placerat Orci Lacus Institute','2020-12-31 18:25:51+01','2022-08-02 22:10:29+02',6801,70,10),
	 ('df4bc53d-45fd-4f72-87fb-a21e51ef1886','62bef1d2-8aea-4d43-bb11-0e853c4fe2b5','cd7ff342-18a5-4d9b-bb82-b6060436fc18',NULL,'Rutrum Fusce Dolor PC','2017-11-06 02:42:44+01','2020-08-28 13:40:38+02',8669,70,19),
	 ('ada50587-7e16-46eb-b8f3-643937105b1b','64d08db0-a998-486a-b21d-3a498ba324cc','cd7ff342-18a5-4d9b-bb82-b6060436fc18',NULL,'Vitae Orci LLC','2017-10-06 11:56:38+02','2021-07-27 06:42:32+02',9712,60,13),
	 ('f8376f2f-489d-4ce2-b3b7-f501ae2ef9fa','8ecd3a95-d065-4ddc-88d8-129ff49e2172','cd7ff342-18a5-4d9b-bb82-b6060436fc18',NULL,'Cubilia LLC','2020-09-24 00:02:17+02','2022-06-29 00:34:35+02',8421,70,44),
	 ('45455f0d-db6c-4f8c-aa78-58bf555f2216','99a5ef8c-4ce7-411f-8ad9-bfd6a1b96d7d','cd7ff342-18a5-4d9b-bb82-b6060436fc18',NULL,'Dui Fusce Foundation','2021-02-19 05:16:29+01','2022-10-06 11:08:42+02',6990,70,9),
	 ('e90ce388-1c67-410b-b45f-56ca30d4113c','05e2ccbb-4667-4f7e-bb0f-8133095b829b','2df0b812-a93e-4b39-bf48-d2db9b39441b',NULL,'Metus In Foundation','2021-07-26 14:47:31+02','2021-11-19 16:20:59+01',5941,60,57),
	 ('a234512f-af43-4b7b-b097-80205386c6af','99a5ef8c-4ce7-411f-8ad9-bfd6a1b96d7d','cd7ff342-18a5-4d9b-bb82-b6060436fc18',NULL,'Ut Semper Ltd','2021-12-20 21:10:44+01','2022-02-23 11:26:32+01',8229,80,49),
	 ('398245a3-01c2-423a-abf3-5216f219003a','62bef1d2-8aea-4d43-bb11-0e853c4fe2b5','2df0b812-a93e-4b39-bf48-d2db9b39441b',NULL,'Cubilia Curae Inc.','2021-01-07 01:11:41+01','2021-10-31 07:07:35+01',7974,80,9),
	 ('8cfb008d-1da8-46d0-a9d4-ea942c8e7caa','0a8d350f-a740-43e5-aea9-3417b7e4a49f','cd7ff342-18a5-4d9b-bb82-b6060436fc18',NULL,'Auctor Ullamcorper PC','2018-07-16 02:47:13+02','2022-06-25 18:39:22+02',8507,80,43);
INSERT INTO public.flights (id,origin_id,destination_id,layover_id,airline_name,departure_date,arrival_date,distance,max_capacity,actual_capacity) VALUES
	 ('4afddadb-d09f-4b74-bc27-17e5ab1347fe','8ecd3a95-d065-4ddc-88d8-129ff49e2172','2df0b812-a93e-4b39-bf48-d2db9b39441b',NULL,'Tellus Industries','2018-06-18 22:01:27+02','2021-04-15 20:03:04+02',1451,70,11),
	 ('fa5f65d9-8342-4373-920f-f1719a1355ea','99a5ef8c-4ce7-411f-8ad9-bfd6a1b96d7d','cd7ff342-18a5-4d9b-bb82-b6060436fc18',NULL,'Donec Egestas Incorporated','2017-02-28 21:10:12+01','2020-06-11 18:49:10+02',5855,80,26),
	 ('2b9d714b-a50b-47c0-8b25-7a16ceb0a504','05e2ccbb-4667-4f7e-bb0f-8133095b829b','cd7ff342-18a5-4d9b-bb82-b6060436fc18',NULL,'Orci Donec Nibh Inc.','2018-03-01 22:08:55+01','2021-12-09 05:10:00+01',9632,60,20),
	 ('c3f66fd0-bd80-4f9e-89a1-fdbfbf29956e','8ecd3a95-d065-4ddc-88d8-129ff49e2172','2df0b812-a93e-4b39-bf48-d2db9b39441b',NULL,'Ornare Facilisis Industries','2016-10-10 18:23:05+02','2020-09-12 06:01:57+02',3499,70,16),
	 ('16e0fd6d-d606-4a7d-b16f-004c3731a23e','62bef1d2-8aea-4d43-bb11-0e853c4fe2b5','2df0b812-a93e-4b39-bf48-d2db9b39441b',NULL,'Sagittis Foundation','2018-07-01 15:28:21+02','2021-10-22 09:49:20+02',1628,70,2),
	 ('6ae5ae42-322e-4fc1-82a4-f4d0ffc1df98','97866abe-667f-4b43-99bf-b7fc264a468b','cd7ff342-18a5-4d9b-bb82-b6060436fc18',NULL,'Enim Nunc PC','2022-02-17 07:52:49+01','2022-08-27 16:52:20+02',2838,60,5),
	 ('a07520ed-b502-484a-ad23-58ed9820f101','8ecd3a95-d065-4ddc-88d8-129ff49e2172','cd7ff342-18a5-4d9b-bb82-b6060436fc18',NULL,'Hendrerit Neque Incorporated','2020-09-26 09:16:46+02','2022-06-08 16:04:22+02',7004,60,30),
	 ('22d0c62a-a70c-4c34-a0d2-b9c49429f08a','97866abe-667f-4b43-99bf-b7fc264a468b','cd7ff342-18a5-4d9b-bb82-b6060436fc18',NULL,'Curae Associates','2018-06-22 00:03:38+02','2021-03-19 18:13:22+01',7503,60,50),
	 ('e1f8ed40-a8d2-4877-b62b-e5d3c5c2bff0','97866abe-667f-4b43-99bf-b7fc264a468b','cd7ff342-18a5-4d9b-bb82-b6060436fc18',NULL,'Ac Turpis Egestas Corp.','2017-03-07 10:36:08+01','2020-08-29 12:00:12+02',6557,80,9),
	 ('6a4f54f5-cc7b-48b0-a532-cdb97f81144e','0a8d350f-a740-43e5-aea9-3417b7e4a49f','2df0b812-a93e-4b39-bf48-d2db9b39441b',NULL,'Sollicitudin Adipiscing Ligula LLP','2017-04-08 08:42:53+02','2020-05-26 05:55:44+02',7230,60,23);
INSERT INTO public.flights (id,origin_id,destination_id,layover_id,airline_name,departure_date,arrival_date,distance,max_capacity,actual_capacity) VALUES
	 ('379ce78a-508c-49f8-b0e4-0b9f577c88b8','8ecd3a95-d065-4ddc-88d8-129ff49e2172','cd7ff342-18a5-4d9b-bb82-b6060436fc18',NULL,'Ut Pellentesque Institute','2020-09-15 20:57:23+02','2020-09-16 01:12:25+02',3097,70,12),
	 ('22c99e5c-a83f-44ef-b6c3-8a14f4665677','64d08db0-a998-486a-b21d-3a498ba324cc','2df0b812-a93e-4b39-bf48-d2db9b39441b',NULL,'Vel Quam Inc.','2020-09-21 00:57:44+02','2021-08-24 20:56:04+02',2940,70,28),
	 ('a18a99d6-ef34-40dd-ad04-0a6475f70b11','62bef1d2-8aea-4d43-bb11-0e853c4fe2b5','2df0b812-a93e-4b39-bf48-d2db9b39441b',NULL,'Aliquam Ornare Limited','2017-10-05 22:44:39+02','2021-06-03 20:04:59+02',1050,60,24),
	 ('20658e6e-b40a-44ef-8b0f-2b0c4749869b','05e2ccbb-4667-4f7e-bb0f-8133095b829b','2df0b812-a93e-4b39-bf48-d2db9b39441b',NULL,'Tellus Justo PC','2017-09-10 05:11:57+02','2021-01-22 03:37:04+01',6918,80,13),
	 ('286e070e-f2c7-4e2c-bf02-b902d2fb1468','05e2ccbb-4667-4f7e-bb0f-8133095b829b','2df0b812-a93e-4b39-bf48-d2db9b39441b',NULL,'Cursus Corp.','2018-10-07 01:52:15+02','2022-04-17 10:21:58+02',1755,70,31),
	 ('dd18c606-0a7b-4ff4-b94a-b5c19be0b8c4','97866abe-667f-4b43-99bf-b7fc264a468b','cd7ff342-18a5-4d9b-bb82-b6060436fc18',NULL,'Nulla Associates','2020-11-30 23:55:16+01','2022-01-25 19:07:37+01',1402,80,36),
	 ('f85e0a47-f7fb-4793-876b-7ff448884604','99a5ef8c-4ce7-411f-8ad9-bfd6a1b96d7d','2df0b812-a93e-4b39-bf48-d2db9b39441b',NULL,'Enim Corp.','2020-09-10 00:31:37+02','2021-09-15 13:15:20+02',7071,80,16),
	 ('693eadb5-6815-4c8b-ab06-9fdd82692503','64d08db0-a998-486a-b21d-3a498ba324cc','cd7ff342-18a5-4d9b-bb82-b6060436fc18',NULL,'Orci Corp.','2017-01-03 12:28:24+01','2020-11-21 12:38:19+01',4175,60,10),
	 ('9ed65942-0fe4-45a6-8f27-7eeaf7edb10d','05e2ccbb-4667-4f7e-bb0f-8133095b829b','2df0b812-a93e-4b39-bf48-d2db9b39441b',NULL,'Ultrices A Associates','2020-08-31 10:45:08+02','2021-05-05 08:46:30+02',4350,60,38),
	 ('d9e9081b-79db-4d57-b06d-0d1d9eb73244','97866abe-667f-4b43-99bf-b7fc264a468b','2df0b812-a93e-4b39-bf48-d2db9b39441b',NULL,'Interdum Curabitur Company','2021-01-13 00:45:19+01','2022-06-30 15:08:26+02',7026,80,41);
INSERT INTO public.flights (id,origin_id,destination_id,layover_id,airline_name,departure_date,arrival_date,distance,max_capacity,actual_capacity) VALUES
	 ('17f60dc3-753a-478f-937c-1df951636c8b','62bef1d2-8aea-4d43-bb11-0e853c4fe2b5','cd7ff342-18a5-4d9b-bb82-b6060436fc18',NULL,'Nisl Elementum LLP','2021-02-07 07:16:12+01','2022-08-14 05:25:53+02',1884,80,26),
	 ('eb0d5406-7d6a-45e9-8654-952729882f38','97866abe-667f-4b43-99bf-b7fc264a468b','2df0b812-a93e-4b39-bf48-d2db9b39441b',NULL,'Velit Eu LLP','2018-04-16 16:19:16+02','2022-01-29 13:53:01+01',2590,70,29),
	 ('681558b1-9f48-419d-98df-9e0f46072d06','64d08db0-a998-486a-b21d-3a498ba324cc','2df0b812-a93e-4b39-bf48-d2db9b39441b',NULL,'Ut Molestie LLP','2020-05-19 14:48:52+02','2022-05-30 13:49:14+02',8928,60,3),
	 ('0df8d5ac-5eff-4c8f-a462-732ce4018c90','99a5ef8c-4ce7-411f-8ad9-bfd6a1b96d7d','cd7ff342-18a5-4d9b-bb82-b6060436fc18',NULL,'Aliquam Incorporated','2018-07-08 02:27:54+02','2020-11-22 08:56:03+01',8574,70,3),
	 ('3b33b034-4f2b-4ba4-b1b7-ecf74f6881f3','64d08db0-a998-486a-b21d-3a498ba324cc','2df0b812-a93e-4b39-bf48-d2db9b39441b',NULL,'Ultrices Posuere Corp.','2020-10-30 16:47:41+01','2021-09-02 03:37:01+02',204,60,35),
	 ('54fc3fc5-e0a2-466f-96bb-11575657c104','05e2ccbb-4667-4f7e-bb0f-8133095b829b','2df0b812-a93e-4b39-bf48-d2db9b39441b',NULL,'Ac Foundation','2018-09-01 15:19:25+02','2020-09-11 03:14:13+02',3716,80,19),
	 ('bdd50a22-b3b8-48a2-8641-04f2a226285e','05e2ccbb-4667-4f7e-bb0f-8133095b829b','cd7ff342-18a5-4d9b-bb82-b6060436fc18',NULL,'Sagittis Institute','2017-10-16 08:58:33+02','2020-09-30 00:49:55+02',9974,60,26),
	 ('fb4f1503-98ce-4b19-950c-069c8877de4f','05e2ccbb-4667-4f7e-bb0f-8133095b829b','2df0b812-a93e-4b39-bf48-d2db9b39441b',NULL,'Suspendisse Commodo Tincidunt LLC','2020-10-24 20:05:34+02','2022-01-04 15:10:11+01',4848,80,34),
	 ('cb96996a-7b09-4e4d-a5e5-b691e80320b0','99a5ef8c-4ce7-411f-8ad9-bfd6a1b96d7d','2df0b812-a93e-4b39-bf48-d2db9b39441b',NULL,'Ac Urna Limited','2021-04-21 19:21:42+02','2021-07-31 23:23:52+02',8585,80,3),
	 ('fcc92d58-e274-40a6-b2a4-3183e5ff53b3','cd7ff342-18a5-4d9b-bb82-b6060436fc18','17831794-b536-42ce-aa50-8306971f2868',NULL,'Qatar Airlines','2021-11-04 10:28:40+01','2021-11-05 09:12:46+01',1334.82,100,72);
INSERT INTO public.flights (id,origin_id,destination_id,layover_id,airline_name,departure_date,arrival_date,distance,max_capacity,actual_capacity) VALUES
	 ('e066f404-6335-4ca9-93b0-1abd35f344d9','2df0b812-a93e-4b39-bf48-d2db9b39441b','f7e1fbdf-269a-44b5-ac30-f63abac1711b',NULL,'Mocky-Mock Airlines','2022-01-07 10:28:40+01','2022-01-08 11:10:51+01',9007.01,60,28),
	 ('9ea4845e-2f2f-423d-9707-0ee647423d95','cd7ff342-18a5-4d9b-bb82-b6060436fc18','41a82d46-228a-4c26-bdfc-7d7bbd5a9e82',NULL,'Manolo e Hijos Airlines','2022-07-21 10:12:10+02','2022-07-29 19:11:23+02',2114.41,90,89),
	 ('16bf19ee-c521-4605-9675-bacba5bba0c3','cd7ff342-18a5-4d9b-bb82-b6060436fc18','8a6417da-f0e8-4b5e-ad51-9dc22bcf0f81',NULL,'Google Airlines','2022-01-29 04:01:02+01','2022-02-01 06:58:21+01',1031.11,80,72),
	 ('0bd72c78-5443-4bf1-81d3-2875198150a0','2df0b812-a93e-4b39-bf48-d2db9b39441b','493d59f8-018e-45e8-b1e3-b2609a2fe901',NULL,'Los Romeros de la Puebla airlines','2022-08-05 20:10:18+02','2022-08-07 02:05:51+02',8741.21,80,65),
	 ('7d2c2481-3f63-4b76-ab24-2ac4e112d471','2df0b812-a93e-4b39-bf48-d2db9b39441b','64c5deb4-3a80-4a9f-a176-c2f296612ce6',NULL,'Air Airline','2022-01-21 10:28:40+01','2022-01-22 08:11:51+01',7884.40,85,44),
	 ('761fe8ea-ae11-4a3a-a411-6a64a95e5f1a','2df0b812-a93e-4b39-bf48-d2db9b39441b','6c589f68-ee47-4512-b3bb-e3a608eee03b',NULL,'Line Airlines','2022-09-30 05:14:22+02','2022-10-01 11:01:41+02',1584.61,85,13),
	 ('64f3e4e1-b1aa-4e80-9c8f-b1d292e6787d','cd7ff342-18a5-4d9b-bb82-b6060436fc18','e6953be4-256d-4e8d-bb1d-a5d56823320e',NULL,'Qwerty Airlines','2022-08-21 01:11:55+02','2022-08-29 15:05:11+02',9354.51,50,7),
	 ('cc909240-b5d0-45a1-8e07-18421165d74b','cd7ff342-18a5-4d9b-bb82-b6060436fc18','2df0b812-a93e-4b39-bf48-d2db9b39441b',NULL,'Fake Airlines','2022-01-21 10:28:40+01','2022-01-22 08:11:51+01',7854.41,80,79),
	 ('3fd7dbad-7125-42ea-9309-52f12182d4b2','2df0b812-a93e-4b39-bf48-d2db9b39441b','62bef1d2-8aea-4d43-bb11-0e853c4fe2b5',NULL,'RyanAir Iberia','2021-10-20 11:28:40+02','2021-10-22 09:11:51+02',7854.41,80,23),
	 ('757ac6bc-9908-4834-99ec-43f91064f4f9','99a5ef8c-4ce7-411f-8ad9-bfd6a1b96d7d','2df0b812-a93e-4b39-bf48-d2db9b39441b','3fd7dbad-7125-42ea-9309-52f12182d4b2','Vulputate Lacus Associates','2018-07-28 10:41:27+02','2021-09-01 15:28:40+02',7673,80,37),
   ('ebee5ba4-7d8d-464a-bb4c-2a92dbffcd40','8ecd3a95-d065-4ddc-88d8-129ff49e2172','cd7ff342-18a5-4d9b-bb82-b6060436fc18','cc909240-b5d0-45a1-8e07-18421165d74b','Mus Industries','2018-01-28 12:16:13+01','2021-08-29 00:34:21+02',4884,60,12),
	 ('4bd23192-cef2-4c1c-bd72-7b2bf8eaf8cc','62bef1d2-8aea-4d43-bb11-0e853c4fe2b5','cd7ff342-18a5-4d9b-bb82-b6060436fc18','3fd7dbad-7125-42ea-9309-52f12182d4b2','Pellentesque Inc.','2021-08-20 09:26:01+02','2021-10-18 08:31:50+02',5609,70,19);

-------------
-- TICKETS --
-------------

INSERT INTO public.tickets (id,customer_id,flight_id,price,has_luggage) VALUES
	 ('e646f101-1233-4e28-b135-d19391cf4f1c','35dbe5c9-044a-47e8-8f38-665ae318148a','ec0fc36d-6e5e-40af-8bf2-cfec5aeee4a5',2689.67,false),
	 ('e48ad7f8-7aee-43be-a4a7-2a2635bf8976','1304c7dd-c537-43d4-802a-7dbdc6ea0c12','e066f404-6335-4ca9-93b0-1abd35f344d9',2171.91,true),
	 ('0a5ebe71-baf7-4d8d-9bfe-c4cb1e0cf112','6e410846-0590-49f4-8c77-8ae64d17b52f','16e0fd6d-d606-4a7d-b16f-004c3731a23e',1507.23,false),
	 ('17502e56-5940-421f-a31e-4872d9767803','70c7737a-bc07-4a09-af21-b003549edc57','dcfadda5-3299-4a28-8273-808103a98384',2627.55,false),
	 ('43be9ba8-1de0-4c79-83f1-f435a373f5b7','a432f9fd-3499-4a81-8f50-d500ac63f03a','e90ce388-1c67-410b-b45f-56ca30d4113c',1974.63,true),
	 ('0914ade9-a66e-4c2f-a43a-c30f4ee2155e','7ff8b27e-6969-4a64-9d14-b1a08f94eb24','8cfb008d-1da8-46d0-a9d4-ea942c8e7caa',2660.3,false),
	 ('07b4aaef-e8a4-4680-ad03-e3beda2fb460','530fea64-96a7-4fc1-acba-599fb5f453b4','bc957a20-a942-4925-a873-7dff865fd654',169.48,false),
	 ('b2cad185-0e0a-4b53-a087-eeb5b2cb9849','6e410846-0590-49f4-8c77-8ae64d17b52f','f8376f2f-489d-4ce2-b3b7-f501ae2ef9fa',357.1,false),
	 ('5ea5c1ec-0906-40e5-b589-46fafbf8f03b','f16d8cc9-61ff-4b9e-97d3-7c198307f944','6a4f54f5-cc7b-48b0-a532-cdb97f81144e',478.09,false),
	 ('8b105c6a-9d87-4d45-aa2a-11997176852a','870373f5-29c8-41d9-9d57-f1923c5184e5','233a12d5-aa3d-4e60-a9a2-fa4afdb666bb',11.32,true);
INSERT INTO public.tickets (id,customer_id,flight_id,price,has_luggage) VALUES
	 ('02fa4de4-adad-49e1-b55e-b78a043d86e2','70c7737a-bc07-4a09-af21-b003549edc57','cc909240-b5d0-45a1-8e07-18421165d74b',1042.48,false),
	 ('e5ba1df9-066c-4926-a9e0-e5d8030c6db7','77bcbed3-eaa8-4b1e-a6f6-bf944f0a878e','17f60dc3-753a-478f-937c-1df951636c8b',2363.67,false),
	 ('8ce9e95b-155d-4824-80e8-0140996121dd','2287c963-acfe-4cb6-b53d-38e6de129afd','99d1ac55-3c05-42d0-83fb-32a5a701dc1b',1933.84,true),
	 ('436e2444-1d86-424a-8815-e2a4c9c32b81','acd528bc-1865-420b-9bf0-384299d0ec30','0df8d5ac-5eff-4c8f-a462-732ce4018c90',167.22,false),
	 ('aeaa49ba-f3bd-4aa0-86b1-21fa45ce9805','d84ef3ff-aeef-4164-a099-efeba49b48fe','233a12d5-aa3d-4e60-a9a2-fa4afdb666bb',959.71,false),
	 ('a869db3b-4663-410f-a1f3-63992e580d3e','21a0d400-4785-41b3-a52a-c6bd39db0b54','26606b3e-9e86-4579-8b12-6c799f1b9213',1535.81,false),
	 ('8037ef02-7dbe-4481-9f59-097a491c6fa1','aef86ee6-a588-44d7-8b1f-7587442eef3d','f8376f2f-489d-4ce2-b3b7-f501ae2ef9fa',1400.14,false),
	 ('ffa7a619-eab9-4150-bf18-6570d0da0b55','d84ef3ff-aeef-4164-a099-efeba49b48fe','45455f0d-db6c-4f8c-aa78-58bf555f2216',5.16,true),
	 ('357827f2-df04-45b0-a86f-002c9313709b','5c62064c-2bd3-47f7-9750-95b53470512a','46c103c4-6602-4f66-aff8-ee08de8a5771',1310.58,false),
	 ('2367feb9-7f00-4413-b333-4c6b2e03a53f','49f56638-c4bc-4777-9f5c-d9301e8b87ab','1667ea5f-d5c9-433e-902c-73ae7c39ef50',1175.88,false);
INSERT INTO public.tickets (id,customer_id,flight_id,price,has_luggage) VALUES
	 ('5e8dae88-465f-4280-96c7-2a53c547b10b','e2f7d685-b9a8-44d9-aec0-4bea7013225f','17f60dc3-753a-478f-937c-1df951636c8b',1255.58,true),
	 ('b1334b99-6d1f-4033-807c-05cc377e128a','baf0f982-af69-48fe-b04e-c6a5370cd9ec','51808afe-b648-4eb3-8fdb-cfd36d7af947',1374.74,false),
	 ('29964cf6-3b70-407e-b551-50efd6f3d8ef','f5430c07-2e73-4a67-9a4a-12db228e68c6','16bf19ee-c521-4605-9675-bacba5bba0c3',2483.28,false),
	 ('d3b75a5a-b8ba-4f4c-936c-43733bfa1eb5','4a17f191-fb82-4b3b-8062-49eb6e32bfa5','e90ce388-1c67-410b-b45f-56ca30d4113c',1984.41,true),
	 ('7ae6fc4e-d1e7-46ce-8893-9e34d08ee397','d6116974-23c6-40c9-ab55-ab20769a77ae','29a7d484-89ec-400c-a181-89b82ba1b0b2',222.56,true),
	 ('c6bc92ac-073e-4da4-8d0b-f05caadeb01e','1df11900-97f8-4051-8082-1fd0e0104a8d','7d2c2481-3f63-4b76-ab24-2ac4e112d471',440.21,true),
	 ('76898687-e679-4e52-a5e0-79f521206c2a','d63d087e-55b1-427b-8f02-794bf09452f9','1d10b14a-1cf8-46a3-8559-4d87bb31a42b',2094.04,true),
	 ('e817aabd-7668-49ad-82bc-7c9d287092f4','1252a8b9-eed9-4cf8-82f9-395400376c23','55af3c4f-d845-48c9-b0a6-f92d67d91fbf',2827.98,false),
	 ('6fcd1034-9f47-42c2-8747-9c98daaa369c','d63bc149-249d-4aa8-8b53-903e071e0c83','1b3e2b27-44b9-4216-b23a-a74d0f200bf8',2634.57,false),
	 ('08db3c1b-06c5-4491-92cc-2a012efdaff8','e2f7d685-b9a8-44d9-aec0-4bea7013225f','379ce78a-508c-49f8-b0e4-0b9f577c88b8',755.52,true);
INSERT INTO public.tickets (id,customer_id,flight_id,price,has_luggage) VALUES
	 ('12606229-7ec3-49bf-805e-15af54aabe14','d84ef3ff-aeef-4164-a099-efeba49b48fe','29a7d484-89ec-400c-a181-89b82ba1b0b2',2407.04,true),
	 ('60704eb0-a070-46aa-96e2-ef1907a974d0','bfeb3c96-6ae8-4cf0-b79d-89e3adc49705','e7a641ad-eb07-4e24-a962-f9152149fe10',705.95,true),
	 ('d7cd0622-3d2c-4658-8475-e16b318e1891','77b28120-d20d-4812-a066-efd54f9dcab2','a07520ed-b502-484a-ad23-58ed9820f101',692.67,false),
	 ('851fe430-191d-4fac-8693-8abc2ad47773','bfd471f1-807d-4458-b07b-ded71e3ea2f0','f0c9337b-872d-43d8-a1d0-52f4c3b9cb58',1281.36,false),
	 ('a39766c3-373a-405f-af3d-11aa51f6afb7','f93d2b23-60b8-4e12-8a24-66aa6cf7d066','757ac6bc-9908-4834-99ec-43f91064f4f9',2843.36,false),
	 ('49a9dffd-9196-4af8-898c-c1ecc1271b31','21f3e613-8d6e-4605-9902-c0f85cd22f25','26606b3e-9e86-4579-8b12-6c799f1b9213',962.04,false),
	 ('e10d3729-5fbc-432d-a8d9-e165a8e17b16','fde72f8f-cebc-4376-a197-995cc8151e0e','f0c9337b-872d-43d8-a1d0-52f4c3b9cb58',496.09,false),
	 ('084d049b-dc50-469a-8f1c-25ab4c2e24d2','6f245447-f93c-45c1-b1f3-dd9b6b9eef8e','6ae5ae42-322e-4fc1-82a4-f4d0ffc1df98',479.32,true),
	 ('8345fc7f-5287-4743-ab4f-b26d6a7b32df','5c85b3ef-f41e-4534-8516-bc3d7fb22355','bc762cba-2582-42c8-bfb0-e32c73907c45',5.97,true),
	 ('d602c2f3-6b02-421e-a0de-4c4a76d6e980','65edc170-93e2-4c36-8ded-2c06e91bb289','16bf19ee-c521-4605-9675-bacba5bba0c3',518.54,false);
INSERT INTO public.tickets (id,customer_id,flight_id,price,has_luggage) VALUES
	 ('bb1e4c6e-c8b9-4e0f-b61e-33994d2504ad','f16d8cc9-61ff-4b9e-97d3-7c198307f944','4afddadb-d09f-4b74-bc27-17e5ab1347fe',1009.66,false),
	 ('f9e7a333-c38b-47c1-aa0a-e361ad4eb6d9','1df11900-97f8-4051-8082-1fd0e0104a8d','ebee5ba4-7d8d-464a-bb4c-2a92dbffcd40',1912.29,true),
	 ('196fd54c-f32c-4fa6-a373-0f94cd9700af','9fcff638-1338-4332-91ad-3d73c25a8ded','681558b1-9f48-419d-98df-9e0f46072d06',244.29,true),
	 ('2f24f235-b3f5-4e99-b355-deffe6701549','10685bf5-1913-48f7-9acd-ab3a2843b27a','71dc6ead-b590-45b1-aa00-c0cd88879b79',205.96,true),
	 ('2a6f2fc3-ae3f-45da-b226-9f001bc5d474','8c511bc4-0ad9-4d27-a15e-4f0a29d66b85','22d0c62a-a70c-4c34-a0d2-b9c49429f08a',2671.83,true),
	 ('23ac644c-657c-4add-81c5-ed6b232d60ea','6ad6ad0b-dd4b-4b51-a0b0-94ea3ce7a447','bdd50a22-b3b8-48a2-8641-04f2a226285e',491.4,true),
	 ('32c92b4f-17f0-481e-88d5-4166530a2c56','be001980-2c32-44b6-b652-618f6ef1f916','8cfb008d-1da8-46d0-a9d4-ea942c8e7caa',2004.81,false),
	 ('e549c652-20c9-48c8-ab5a-64b01a70a4cb','1df11900-97f8-4051-8082-1fd0e0104a8d','9f4bd368-f3ac-46c4-8b87-686571c5c51a',2065.07,false),
	 ('02a5bf60-7e62-46aa-bde2-27ad8e3d809b','6d4a598e-f830-461d-bbd4-cbf03772b1a7','29a7d484-89ec-400c-a181-89b82ba1b0b2',918.44,true),
	 ('d1bbb90a-a804-43eb-a1ae-4db59b56dc83','a432f9fd-3499-4a81-8f50-d500ac63f03a','3fd7dbad-7125-42ea-9309-52f12182d4b2',1785.19,false);
INSERT INTO public.tickets (id,customer_id,flight_id,price,has_luggage) VALUES
	 ('efcb3973-0332-4791-a1f6-e4c7b015bf48','55779ec8-8ee0-4662-9e3a-d6cc2d21b3ce','dadbebca-b079-49b5-9e89-8586646bfd06',522.69,false),
	 ('17511357-0e07-4531-b545-69da3a82ec47','6e410846-0590-49f4-8c77-8ae64d17b52f','dd18c606-0a7b-4ff4-b94a-b5c19be0b8c4',1481.06,true),
	 ('8ae97843-9586-4a45-93a6-326ba1f2f23b','0613e894-fb0b-43ff-92a7-9c583ddefd70','dd18c606-0a7b-4ff4-b94a-b5c19be0b8c4',1148.27,false),
	 ('8f0a4c0e-9a71-4d91-b70d-2245d6178eb9','1252a8b9-eed9-4cf8-82f9-395400376c23','bc957a20-a942-4925-a873-7dff865fd654',1893.69,true),
	 ('512d7b81-7218-472b-a491-41bc7cf5bdbb','65edc170-93e2-4c36-8ded-2c06e91bb289','4afddadb-d09f-4b74-bc27-17e5ab1347fe',1323.14,true),
	 ('803de2ab-e8e0-4c1b-9a9e-854ba7ef4f3f','4a17f191-fb82-4b3b-8062-49eb6e32bfa5','fcc92d58-e274-40a6-b2a4-3183e5ff53b3',2403.69,true),
	 ('8823ab42-285a-4049-9273-53d519a6627b','91e98ac7-bbb3-49f5-82c8-b230eebfd66c','233a12d5-aa3d-4e60-a9a2-fa4afdb666bb',295.95,true),
	 ('40389399-9b0d-4016-a2b6-f1fd2198f374','1df11900-97f8-4051-8082-1fd0e0104a8d','6565b0b9-e074-4656-acd4-b9892edfa68d',1192.29,false),
	 ('9744af96-8732-4cbd-bf66-dc58cee856c9','9fcff638-1338-4332-91ad-3d73c25a8ded','765ddcec-c68d-4f2e-b843-9a70edbc6177',758.71,true),
	 ('b4d78fa0-3df2-4da1-a98d-41cfd4e21141','94a5025e-85b1-4f92-aefc-ca61c26b5fd9','ea3c0228-4cf8-4ea3-9f50-0e2049966c85',1356.45,true);
INSERT INTO public.tickets (id,customer_id,flight_id,price,has_luggage) VALUES
	 ('d08ab0f4-0108-4672-aa35-9c116c5e9d5a','6d4a598e-f830-461d-bbd4-cbf03772b1a7','dc427046-7b6b-4a8f-9fbb-37916f112518',930.27,false),
	 ('90c3ea83-b6fd-4c4b-9462-3a713600205a','65edc170-93e2-4c36-8ded-2c06e91bb289','2b9d714b-a50b-47c0-8b25-7a16ceb0a504',2916.15,true),
	 ('585bf3a9-f4d8-45d6-8b95-4807c41abe76','f16d8cc9-61ff-4b9e-97d3-7c198307f944','4d64d0ae-f8a3-4ac8-8eb3-dd48840daa7f',874.36,true),
	 ('84ba1be7-eff1-4243-965f-99af5c24dcb3','be001980-2c32-44b6-b652-618f6ef1f916','e36c07e9-d765-4ebb-8fb3-1b824f93ebab',2249.26,true),
	 ('91eb3674-1fe7-4692-8604-b1fbbbc8ef66','91e98ac7-bbb3-49f5-82c8-b230eebfd66c','757ac6bc-9908-4834-99ec-43f91064f4f9',1365.46,true),
	 ('d8b202bf-b4bb-4003-8429-0b7f1980dd1f','59bee825-38a2-443c-94f2-e80e12409139','e90ce388-1c67-410b-b45f-56ca30d4113c',2317.02,false),
	 ('7e0246d8-840a-4ce3-a6ce-d2a020c1f8d9','f16d8cc9-61ff-4b9e-97d3-7c198307f944','fb4f1503-98ce-4b19-950c-069c8877de4f',1414.22,true),
	 ('75568d07-9d10-405c-bc4b-46f49f1b4193','698ab98c-91d7-4c6d-b7e2-f7eb82400a50','1c73e004-b124-4438-a117-59fed90facb9',2271.5,false),
	 ('d67d777d-57ab-4729-ba1d-c0c84cdd4d5d','6d4a598e-f830-461d-bbd4-cbf03772b1a7','55af3c4f-d845-48c9-b0a6-f92d67d91fbf',801.12,false),
	 ('188cefc2-feb5-4916-b8d0-97af2e788822','77b28120-d20d-4812-a066-efd54f9dcab2','f85e0a47-f7fb-4793-876b-7ff448884604',1633.97,true);
INSERT INTO public.tickets (id,customer_id,flight_id,price,has_luggage) VALUES
	 ('0b1bd5e2-aa86-46bc-b432-20c1fbadc5fa','10685bf5-1913-48f7-9acd-ab3a2843b27a','fa5f65d9-8342-4373-920f-f1719a1355ea',2232.62,false),
	 ('3a2552fa-11ac-47ae-8053-c1261c4e419e','698ab98c-91d7-4c6d-b7e2-f7eb82400a50','3b33b034-4f2b-4ba4-b1b7-ecf74f6881f3',1937.93,true),
	 ('6c89bbb6-96c1-426b-9150-d955cb07fcd0','f5430c07-2e73-4a67-9a4a-12db228e68c6','6ae5ae42-322e-4fc1-82a4-f4d0ffc1df98',2644.35,true),
	 ('83307248-a339-4105-bd86-1a84a147e55d','f8b1dbf2-1dba-4cb0-91a2-06cb217c43cc','64401dd9-8b54-4556-b8c8-51f158acbc49',1251.73,true),
	 ('5ebb8b82-58a6-4cb4-a882-47f2529cb70b','5810ae0f-bee5-436c-92d9-11f4abf32f3d','ebee5ba4-7d8d-464a-bb4c-2a92dbffcd40',586.3,true),
	 ('32ab8059-213f-47e2-985a-e0115b4945b8','d84ef3ff-aeef-4164-a099-efeba49b48fe','4d64d0ae-f8a3-4ac8-8eb3-dd48840daa7f',2658.32,true),
	 ('be62b3b2-0ce9-422b-b619-376e075c703f','0613e894-fb0b-43ff-92a7-9c583ddefd70','0df8d5ac-5eff-4c8f-a462-732ce4018c90',1342.14,false),
	 ('067cf7d0-73dd-4c93-9d37-ee343e80d581','6ad6ad0b-dd4b-4b51-a0b0-94ea3ce7a447','2b9d714b-a50b-47c0-8b25-7a16ceb0a504',2452.05,true),
	 ('9f859a6e-23b4-43e3-b644-009a859b7b07','c6b0eed6-e6a3-41c1-9e82-99c3083afb16','398245a3-01c2-423a-abf3-5216f219003a',425.67,false),
	 ('16fb0827-d5f7-4bb4-bafb-f25d3bca8570','7a4cf94e-c350-4ec0-99ee-0acfe8440bbf','5dc30499-f5d3-4325-884a-62e746365775',1389.86,true);
INSERT INTO public.tickets (id,customer_id,flight_id,price,has_luggage) VALUES
	 ('b716958f-49ef-46a4-a993-736b2f4bc629','180c3b32-f901-4358-a51a-7899aea300c3','7d2c2481-3f63-4b76-ab24-2ac4e112d471',2889.52,false),
	 ('8925ba40-76fd-4418-94f4-8478b2d43d3d','a432f9fd-3499-4a81-8f50-d500ac63f03a','f8376f2f-489d-4ce2-b3b7-f501ae2ef9fa',2163.42,false),
	 ('bee40ced-1f90-4176-8fb5-b8efe426b78f','1cfbbd55-d354-4630-bd63-47b09dc20a5e','dd18c606-0a7b-4ff4-b94a-b5c19be0b8c4',142.14,true),
	 ('8a68888f-841a-4429-b22b-f380899d40d3','65edc170-93e2-4c36-8ded-2c06e91bb289','ea3c0228-4cf8-4ea3-9f50-0e2049966c85',1547.16,true),
	 ('09995ef7-96e4-4e6f-b757-49c9d5d1c21b','5810ae0f-bee5-436c-92d9-11f4abf32f3d','395210fe-a2c7-4e98-afbc-7350d2b3306b',667.75,false),
	 ('a5ec8687-81c8-4603-91e9-e8fb38ded173','c6b0eed6-e6a3-41c1-9e82-99c3083afb16','64401dd9-8b54-4556-b8c8-51f158acbc49',31.98,true),
	 ('ed141a6a-948e-45f4-8c59-4047650681b6','be001980-2c32-44b6-b652-618f6ef1f916','ec0fc36d-6e5e-40af-8bf2-cfec5aeee4a5',1753.08,false),
	 ('1a70c877-3d8e-4d46-9e55-c9ea02c4a211','59bee825-38a2-443c-94f2-e80e12409139','633f5040-9d9f-43fe-9358-505d03248fc7',2342.28,true),
	 ('160f246a-4cb2-4d07-9040-ff9d10cc1d20','55779ec8-8ee0-4662-9e3a-d6cc2d21b3ce','71dc6ead-b590-45b1-aa00-c0cd88879b79',402.85,false),
	 ('72e14056-0fa1-4a50-ab3e-7bfba51b9015','1091c62a-f4d1-4851-be3a-0f90ec300d84','233a12d5-aa3d-4e60-a9a2-fa4afdb666bb',2108.27,false);
INSERT INTO public.tickets (id,customer_id,flight_id,price,has_luggage) VALUES
	 ('b42375ff-aad5-4d89-a075-47760c68332b','d63d087e-55b1-427b-8f02-794bf09452f9','fa5f65d9-8342-4373-920f-f1719a1355ea',1021.07,true),
	 ('9594c48a-346d-43ee-9ae0-42375cd5f079','babaa54c-9e24-413a-82da-07c484b59e86','dd18c606-0a7b-4ff4-b94a-b5c19be0b8c4',2499.88,false),
	 ('5ac6a484-7294-4362-b804-70ae243d93e9','e3754d06-929c-4fec-a3c2-808c4c36bfde','0df8d5ac-5eff-4c8f-a462-732ce4018c90',1415.47,true),
	 ('f7dac964-77f2-45d4-9120-a9bd01ec91fe','01fae3fd-a260-40e2-bc06-de746f54fe97','a07520ed-b502-484a-ad23-58ed9820f101',1635.07,false),
	 ('b98d415f-fe2c-4446-8ee9-f03f018c6d0a','d63bc149-249d-4aa8-8b53-903e071e0c83','434608d0-09bd-4373-8dee-afc6f222c429',727.25,true),
	 ('d1e09785-1b02-468b-a44f-8593e5cd041f','3b3a1166-10d0-4c0b-89e0-0e7695fcc9d9','195818e3-b50f-4c68-8b23-5366300b232f',1003.35,true),
	 ('6ffe034b-0ed1-40f3-b794-13a1cb67838c','d63bc149-249d-4aa8-8b53-903e071e0c83','1667ea5f-d5c9-433e-902c-73ae7c39ef50',1046.3,true),
	 ('a7da3b6e-0cae-4897-bec8-b7d5b3d2e032','7972956b-c406-4de9-be9c-6fddb5c422ea','df4bc53d-45fd-4f72-87fb-a21e51ef1886',1263.68,true),
	 ('05f32806-9b70-45be-9abd-5db8cf26e780','94a5025e-85b1-4f92-aefc-ca61c26b5fd9','233a12d5-aa3d-4e60-a9a2-fa4afdb666bb',1184.25,false),
	 ('2905f59a-52aa-4a18-a78d-3c3ca1f14b6b','6beffda3-eff8-4e98-9e9f-86c56150c7aa','a234512f-af43-4b7b-b097-80205386c6af',417.98,true);
