---------------
-- CUSTOMERS --
---------------

INSERT INTO public.customers (id,id_number,"name",last_name,age,nationality) VALUES
	 ('ad033055-57c1-4a3a-9701-7da830ef2e2a','579-92-7595','Kendrick','Syms',22,'Afghanistan'),
	 ('b6d86a27-1974-426f-8b0e-b0ea87293003','248-35-1125','Spencer','Feedome',41,'Afghanistan'),
	 ('376e30cf-7624-4564-a5e9-e8aaa66453a0','540-53-3130','Julianna','Schouthede',75,'Afghanistan'),
	 ('37418689-156c-4943-b745-6216beed0e11','751-03-5213','Daisy','Baggelley',56,'Afghanistan'),
	 ('870373f5-29c8-41d9-9d57-f1923c5184e5','287-14-5792','Immanuel','Cuniam',47,'Afghanistan'),
	 ('17afa84a-997b-4df4-b05f-9f36581ca469','425-11-0173','Tally','Pearde',58,'Afghanistan'),
	 ('c32fd307-1035-4a99-abee-4ee68e61d49c','568-52-4853','Sergeant','Fuente',17,'Afghanistan'),
	 ('c56dde95-f2cf-4168-a343-5b59d7596ee3','282-69-1254','Pauletta','Tewes',93,'Afghanistan'),
	 ('55779ec8-8ee0-4662-9e3a-d6cc2d21b3ce','405-30-1166','Guillema','Angood',84,'Afghanistan'),
	 ('aef86ee6-a588-44d7-8b1f-7587442eef3d','156-31-6874','Chauncey','Critten',83,'Afghanistan');
INSERT INTO public.customers (id,id_number,"name",last_name,age,nationality) VALUES
	 ('e1a0aa37-1d06-4673-85db-faea264281c8','721-24-4904','Chandal','Dankersley',74,'Afghanistan'),
	 ('f8b1dbf2-1dba-4cb0-91a2-06cb217c43cc','882-11-7702','Alfy','Maty',56,'Afghanistan'),
	 ('c5c8778a-6eca-418e-acc5-362c6dafa0f0','391-61-9736','Arthur','Kitchingman',86,'Afghanistan'),
	 ('f16d8cc9-61ff-4b9e-97d3-7c198307f944','109-25-1032','Antoine','Trime',100,'Afghanistan'),
	 ('9a18a49f-d4c2-42b9-bcef-81b87c2ea86e','219-70-8656','Gordon','Merrifield',75,'Afghanistan'),
	 ('2287c963-acfe-4cb6-b53d-38e6de129afd','416-77-2340','Binny','Mulhall',67,'Afghanistan'),
	 ('2dad8fcb-a4c3-46a6-b1fe-01dceebc92f5','675-15-2310','Carrissa','MacColm',59,'Afghanistan'),
	 ('cf00617b-914c-407c-9bb5-643479b65563','549-80-4047','Aggy','Nail',68,'Afghanistan'),
	 ('5c85b3ef-f41e-4534-8516-bc3d7fb22355','605-90-8865','Barbabra','MacFie',81,'Afghanistan'),
	 ('57707956-d696-4d36-84bd-b0aa4942ccbc','154-06-1447','Chanda','Cunnane',90,'Afghanistan');
INSERT INTO public.customers (id,id_number,"name",last_name,age,nationality) VALUES
	 ('e2f7d685-b9a8-44d9-aec0-4bea7013225f','799-80-8623','Carmencita','Jopson',75,'Afghanistan'),
	 ('35dbe5c9-044a-47e8-8f38-665ae318148a','348-17-9207','Rodolphe','Blucher',30,'Afghanistan'),
	 ('3b3a1166-10d0-4c0b-89e0-0e7695fcc9d9','274-81-2009','Brunhilde','Kleeman',95,'Afghanistan'),
	 ('deed57ab-4aae-4c21-a483-05753b2ed632','713-69-1986','Paolo','Jaggard',16,'Afghanistan'),
	 ('00cf2dd4-a7de-4b7b-a35f-7380aec4441c','811-19-0375','Ulises','Sawart',97,'Afghanistan'),
	 ('8c511bc4-0ad9-4d27-a15e-4f0a29d66b85','553-80-2172','Idette','Tabb',2,'Afghanistan'),
	 ('2929fda2-7a7a-4dd8-b5e3-a94bbc9cdf52','834-98-6744','Janek','Gutierrez',89,'Afghanistan'),
	 ('eee20c57-806b-40a5-a498-7939c57b28d0','391-31-8679','Myrta','Newcome',14,'Afghanistan'),
	 ('8a9c0d4e-25e9-45de-8dcc-f80ec61c2675','415-40-1370','Nathanil','Vose',7,'Afghanistan'),
	 ('1816ead9-f862-4cd6-b20e-5049be3ba761','307-41-3785','Francklyn','Wetherby',15,'Afghanistan');
INSERT INTO public.customers (id,id_number,"name",last_name,age,nationality) VALUES
	 ('babaa54c-9e24-413a-82da-07c484b59e86','210-86-6104','Devin','Selvester',8,'Afghanistan'),
	 ('cada7f92-2a54-406b-acad-1aff8db5aec0','833-81-9318','Osmund','Shanley',80,'Afghanistan'),
	 ('d062e667-6b13-4d54-b73f-8485076083af','836-89-5052','Bancroft','Cherry Holme',20,'Afghanistan'),
	 ('1cfbbd55-d354-4630-bd63-47b09dc20a5e','198-77-2247','Glennis','Elks',39,'Afghanistan'),
	 ('bfeb3c96-6ae8-4cf0-b79d-89e3adc49705','594-48-1891','Sukey','Diable',6,'Afghanistan'),
	 ('5810ae0f-bee5-436c-92d9-11f4abf32f3d','222-44-7648','Con','Dowman',87,'Afghanistan'),
	 ('4523e3e4-ac07-4dda-b584-799e8707c612','378-19-8854','Cynde','Tuckwood',17,'Afghanistan'),
	 ('f5430c07-2e73-4a67-9a4a-12db228e68c6','674-45-7521','Hope','Portlock',49,'Afghanistan'),
	 ('9fcff638-1338-4332-91ad-3d73c25a8ded','133-46-2927','Dev','Kembry',54,'Afghanistan'),
	 ('baf0f982-af69-48fe-b04e-c6a5370cd9ec','265-83-3747','Nance','Scales',48,'Afghanistan');
INSERT INTO public.customers (id,id_number,"name",last_name,age,nationality) VALUES
	 ('bfd471f1-807d-4458-b07b-ded71e3ea2f0','761-11-6866','Mario','Weerdenburg',46,'Afghanistan'),
	 ('1091c62a-f4d1-4851-be3a-0f90ec300d84','508-39-2687','Halsey','Vickress',22,'Afghanistan'),
	 ('6d4a598e-f830-461d-bbd4-cbf03772b1a7','155-71-7875','Marget','Prettejohns',33,'Afghanistan'),
	 ('a432f9fd-3499-4a81-8f50-d500ac63f03a','704-81-1017','Denna','Gathwaite',99,'Afghanistan'),
	 ('91e98ac7-bbb3-49f5-82c8-b230eebfd66c','800-32-7791','Frannie','Slot',86,'Afghanistan'),
	 ('1df11900-97f8-4051-8082-1fd0e0104a8d','757-41-9073','Abbie','Izard',30,'Afghanistan'),
	 ('0aa39d09-e82c-4a9e-9673-dfd941b3add1','333-54-6144','Malinde','Canto',60,'Afghanistan'),
	 ('1304c7dd-c537-43d4-802a-7dbdc6ea0c12','322-66-3366','Jaclin','MacIllrick',14,'Afghanistan'),
	 ('fde72f8f-cebc-4376-a197-995cc8151e0e','163-21-0140','Neala','Bunnell',11,'Afghanistan'),
	 ('f93d2b23-60b8-4e12-8a24-66aa6cf7d066','694-98-3268','Travers','Skegg',48,'Afghanistan');
INSERT INTO public.customers (id,id_number,"name",last_name,age,nationality) VALUES
	 ('ec7ae906-c9a0-48eb-ad8d-faea0b62f29b','629-99-8581','Gwyneth','Matzel',96,'Afghanistan'),
	 ('530fea64-96a7-4fc1-acba-599fb5f453b4','876-65-8591','Lexine','McEwen',83,'Afghanistan'),
	 ('f1641fb8-44a9-495d-8070-c0a6dff3ef6e','387-47-3416','Eberto','Kaubisch',4,'Afghanistan'),
	 ('f91686c2-e57b-41fb-93fb-865ecf04fc23','325-62-3512','Zonnya','Cheel',71,'Afghanistan'),
	 ('46872420-0b91-4ba3-955d-30e88a515e4d','750-05-4290','Jecho','Bovey',24,'Afghanistan'),
	 ('c6b0eed6-e6a3-41c1-9e82-99c3083afb16','851-51-0884','Phillipe','Moncey',83,'Afghanistan'),
	 ('3a496bf0-5adb-4fd1-9088-62dd11f03039','654-87-0003','Johna','L''Hommeau',14,'Afghanistan'),
	 ('e3754d06-929c-4fec-a3c2-808c4c36bfde','367-03-5516','Melamie','Willcot',81,'Afghanistan'),
	 ('1252a8b9-eed9-4cf8-82f9-395400376c23','216-11-9351','Bealle','Bowart',29,'Afghanistan'),
	 ('0270cd55-1e9b-4e4b-9c20-34f5d807e0a2','578-64-2299','Marguerite','Gullyes',22,'Afghanistan');
INSERT INTO public.customers (id,id_number,"name",last_name,age,nationality) VALUES
	 ('d84ef3ff-aeef-4164-a099-efeba49b48fe','405-38-4447','Elvin','Shearsby',11,'Afghanistan'),
	 ('77bcbed3-eaa8-4b1e-a6f6-bf944f0a878e','511-59-3469','Emelyne','Greatbanks',74,'Afghanistan'),
	 ('94a5025e-85b1-4f92-aefc-ca61c26b5fd9','783-02-1795','Ciel','Ellicombe',76,'Afghanistan'),
	 ('7ff8b27e-6969-4a64-9d14-b1a08f94eb24','435-42-6822','Cchaddie','Manderson',44,'Afghanistan'),
	 ('4a17f191-fb82-4b3b-8062-49eb6e32bfa5','460-16-3920','Etan','Clac',32,'Afghanistan'),
	 ('698ab98c-91d7-4c6d-b7e2-f7eb82400a50','677-99-6723','Dyanna','MacSorley',26,'Afghanistan'),
	 ('0613e894-fb0b-43ff-92a7-9c583ddefd70','494-35-3306','Merv','Deevey',58,'Afghanistan'),
	 ('d63d087e-55b1-427b-8f02-794bf09452f9','396-61-7607','Owen','Sighard',57,'Afghanistan'),
	 ('25690726-4d0d-4e87-897b-55958bfc4278','423-95-4983','Gabriel','Crichten',38,'Afghanistan'),
	 ('d63bc149-249d-4aa8-8b53-903e071e0c83','213-96-6751','Othilia','Legerton',67,'Afghanistan');
INSERT INTO public.customers (id,id_number,"name",last_name,age,nationality) VALUES
	 ('10685bf5-1913-48f7-9acd-ab3a2843b27a','634-57-0501','Marys','Sandyfirth',53,'Afghanistan'),
	 ('6f245447-f93c-45c1-b1f3-dd9b6b9eef8e','841-04-7179','Basil','Mowat',80,'Afghanistan'),
	 ('180c3b32-f901-4358-a51a-7899aea300c3','496-68-4947','Rosanna','Raysdale',19,'Afghanistan'),
	 ('59bee825-38a2-443c-94f2-e80e12409139','433-20-0557','Aurel','Pyson',73,'Afghanistan'),
	 ('21f3e613-8d6e-4605-9902-c0f85cd22f25','783-26-4184','Red','Annable',55,'Afghanistan'),
	 ('be001980-2c32-44b6-b652-618f6ef1f916','200-17-1426','Miguel','Sunner',13,'Afghanistan'),
	 ('5c62064c-2bd3-47f7-9750-95b53470512a','642-31-2379','Sigismund','Jeal',15,'Afghanistan'),
	 ('79b99b74-7528-4d85-b768-cf695f2e233d','597-15-6431','Norri','Korneluk',68,'Afghanistan'),
	 ('6ad6ad0b-dd4b-4b51-a0b0-94ea3ce7a447','144-16-3764','Florella','McCathy',73,'Afghanistan'),
	 ('01fae3fd-a260-40e2-bc06-de746f54fe97','615-51-0991','Hally','Molan',42,'Afghanistan');
INSERT INTO public.customers (id,id_number,"name",last_name,age,nationality) VALUES
	 ('fd393d86-696e-45e4-bb26-324ad5c38c59','557-36-9349','Diarmid','Boatman',70,'Afghanistan'),
	 ('acd528bc-1865-420b-9bf0-384299d0ec30','266-47-9037','Suki','Branigan',10,'Afghanistan'),
	 ('77b28120-d20d-4812-a066-efd54f9dcab2','209-78-1635','Staci','Campsall',50,'Afghanistan'),
	 ('73088e81-df93-4d6f-bca6-9e54666eb3c4','679-74-4816','Marga','Petrescu',28,'Afghanistan'),
	 ('49f56638-c4bc-4777-9f5c-d9301e8b87ab','240-38-6009','Angus','Carlsson',97,'Afghanistan'),
	 ('fc110585-fb4c-4bb7-b7fc-39365b7a99c6','242-09-4065','Mariska','Kliche',13,'Afghanistan'),
	 ('70c7737a-bc07-4a09-af21-b003549edc57','568-63-2862','Melany','Caplis',99,'Afghanistan'),
	 ('d9926fa6-1dc1-4f6c-861d-b64050936f1e','195-94-9594','Mano','Casetta',22,'Afghanistan'),
	 ('66585b56-e82d-40b1-ac10-dfb95db2ae79','537-35-3377','Murdock','Liggons',58,'Afghanistan'),
	 ('21a0d400-4785-41b3-a52a-c6bd39db0b54','851-66-2840','Anjela','McCallum',3,'Afghanistan');
INSERT INTO public.customers (id,id_number,"name",last_name,age,nationality) VALUES
	 ('6beffda3-eff8-4e98-9e9f-86c56150c7aa','704-72-9525','Cointon','Rugge',49,'Afghanistan'),
	 ('5619343c-e2f2-4560-b7b6-830e7063e5ca','699-22-2423','Isac','Gaskall',27,'Afghanistan'),
	 ('7a4cf94e-c350-4ec0-99ee-0acfe8440bbf','822-23-5156','Marylin','Blain',97,'Afghanistan'),
	 ('d6116974-23c6-40c9-ab55-ab20769a77ae','643-23-7740','Aksel','Kausche',29,'Afghanistan'),
	 ('65edc170-93e2-4c36-8ded-2c06e91bb289','736-09-5407','Jolee','Britton',95,'Afghanistan'),
	 ('6e410846-0590-49f4-8c77-8ae64d17b52f','625-49-8607','Hieronymus','Westhofer',61,'Afghanistan'),
	 ('7972956b-c406-4de9-be9c-6fddb5c422ea','472-61-0682','Audrye','Doyland',45,'Afghanistan'),
	 ('a0543404-4480-46e2-bbed-0ee32051ece0','795-16-9491','Pennie','Antonovic',82,'Afghanistan'),
	 ('09bc1783-78a1-446c-9cd5-6ff93b672217','337-01-4057','Marinna','Potts',80,'Afghanistan'),
	 ('7368ae43-59d7-4664-b9f8-7c9a651b80aa','541-17-0788','Kendall','Hanscombe',78,'Afghanistan');


--------------
-- AIRPORTS --
--------------

INSERT INTO public.airports (id,"name",country,city) VALUES
	 ('1ca1694a-debe-4d8e-a9c1-d32eccb3fde7','AmBisome','China','Ganxi'),
	 ('e03b7382-4fac-486f-8014-c04137720f15','VAQTA','Czech Republic','Černošice'),
	 ('fa1f71e2-7584-4494-83f2-01791f1072e3','Assured Vaporizing Chest Rub','Peru','Lagunas'),
	 ('fde49ef4-7453-4113-b772-6ffd24fc986f','DILTIAZEM HYDROCHLORIDE','Russia','Mundybash'),
	 ('7b4dc683-dc47-437d-a830-a9eeff6febbb','Sarothamnus Aurum Special Order','Indonesia','Banturkrajan'),
	 ('47620c21-3b33-4e03-b8a3-8f1704759867','Sinus Tonic','Bangladesh','Bogra'),
	 ('abd70a4f-3f8c-4723-8933-5316ea7a7b86','Dicyclomine Hydrochloride','Portugal','Sá'),
	 ('66ea0cce-e561-4342-a651-1c382aa4a654','Aspergillus terreus','Spain','Palma De Mallorca'),
	 ('a455c040-40d3-4be8-a53e-0490130d46a2','AMOREPACIFIC','Brazil','Medina'),
	 ('7c1cb423-2971-4a5c-9816-78c6cad06412','BACTIMICINA COUGH AND COLD','Japan','Yoshii');
INSERT INTO public.airports (id,"name",country,city) VALUES
	 ('13d8f9b7-f8ee-40e5-b7f0-2dcb4e8540c2','HYDROCODONE BITARTRATE','Thailand','Mae Sot'),
	 ('d90cdbb6-3bfa-4686-b95d-a7bfdf486209','Daytime PE Nitetime','Costa Rica','La Fortuna'),
	 ('99a5ef8c-4ce7-411f-8ad9-bfd6a1b96d7d','Furosemide','Guatemala','Jacaltenango'),
	 ('0a8d350f-a740-43e5-aea9-3417b7e4a49f','Kentucky Bluegrass (June), Standardized','China','Yongxing'),
	 ('88ad13c3-1760-4bf5-9588-b934535f0b53','Neutrogena TGel Therapeutic','Indonesia','Tekik Wetan'),
	 ('05e2ccbb-4667-4f7e-bb0f-8133095b829b','ESIKA','China','Jingyang'),
	 ('95618502-6aa8-4bee-88d4-0aa837287a8f','ZYRTEC','Uruguay','San Bautista'),
	 ('e76ad9e4-8a88-400d-baae-ed09dacd044b','Simvastatin','China','Dazhigu'),
	 ('5649fa52-acbc-48a2-a029-ac60f20c4da3','CAMPHOR','China','Pengshi'),
	 ('cd7ff342-18a5-4d9b-bb82-b6060436fc18','Baclofen','South Korea','Changwon');
INSERT INTO public.airports (id,"name",country,city) VALUES
	 ('c40d01db-e72e-4546-acb2-3678552ac7e6','Antibacterial Foaming Hand Sanitizer','Norway','Sandefjord'),
	 ('62bef1d2-8aea-4d43-bb11-0e853c4fe2b5','Glimepiride','Argentina','Comodoro Rivadavia'),
	 ('64d08db0-a998-486a-b21d-3a498ba324cc','Morphine Sulfate','Finland','Alavieska'),
	 ('8ecd3a95-d065-4ddc-88d8-129ff49e2172','Antibacterial Hand Soap','Russia','Verkhniye Kigi'),
	 ('97866abe-667f-4b43-99bf-b7fc264a468b','Fusarium compactum','Poland','Ścinawa'),
	 ('520dbc96-f562-4d4e-86a0-f4306485fbd9','Ketorolac Tromethamine','Micronesia','Elato'),
	 ('91d773dc-b346-4b3a-ae1b-f82b71bc7263','Duavee','Japan','Tsuruga'),
	 ('2df0b812-a93e-4b39-bf48-d2db9b39441b','Chaetomium globosum','China','Maba'),
	 ('00343c05-da71-41c7-9d43-47db75f2a778','SINGULAIR','Saudi Arabia','Al Wajh'),
	 ('a8ab8d0e-812d-4192-a4c1-2365bb61c1ac','Spironolactone','East Timor','Dili');
INSERT INTO public.airports (id,"name",country,city) VALUES
	 ('6f25862e-7df0-466b-9425-4462a9482429','SMART SENSE','Tanzania','Ngudu'),
	 ('17831794-b536-42ce-aa50-8306971f2868','Cyclobenzaprine Hydrochloride','Russia','Yakovlevskoye'),
	 ('207242ca-1d75-4cc5-9ccd-dbabce1766e3','Therabenzaprine-90','Thailand','Na Khu'),
	 ('b407d6b2-befe-4dcf-9ecd-a5c38da895b3','Softlips Intense Moisture Citrus Mint','China','Jiubao'),
	 ('048c7ee4-ac0a-4c21-b9b5-776a279fd54a','Berberis Oxalis','Indonesia','Sumuranyar'),
	 ('f7e1fbdf-269a-44b5-ac30-f63abac1711b','Axe','Portugal','Estribeiro'),
	 ('a753521b-92a1-4ca5-ac8c-9f4740174982','Acne Rescue','Albania','Shushicë'),
	 ('b6c1aee4-b607-4916-8dc9-d0b069e54f7f','Madrid Airport','Brazil','Franco da Rocha'),
	 ('6b70a4b6-325a-4e15-9bbf-b1bdf6f6c55b','California Mugwort','China','Baishigou'),
	 ('747567f9-ec1e-4a51-8f40-069b04a51432','Airport Bogota','Portugal','São Martinho do Campo');
INSERT INTO public.airports (id,"name",country,city) VALUES
	 ('c55d98e1-af2d-4fbb-82f4-08c9c44875ed','Bryonia Alba Kit Refill','Vietnam','Pho Duc'),
	 ('2a010c5e-e5e7-4f6e-a4ba-8cff9e0d931e','Olanzapine','Sweden','Lidingö'),
	 ('20740a43-9f93-4c80-b57b-5385a881bc9f','Anti-Perspirant Deodorant','Philippines','Santa Monica'),
	 ('68526b47-8c36-4a01-8998-a37a978ebabc','Dilantin Infatabs','Bulgaria','Bratsigovo'),
	 ('41a82d46-228a-4c26-bdfc-7d7bbd5a9e82','Argentum carbonicum 6 Special Order','China','Beijiang'),
	 ('5cf14a3d-ca5e-4df9-942a-3e1b55fde422','Atopalm Acne Controlling','Luxembourg','Saeul'),
	 ('e673edf7-de2a-4549-b32d-a6e71df509f2','HYDRACLEAR HYDRATING ACNE GEL','Indonesia','Sukacai Tengah'),
	 ('2335b67a-34ab-43f2-9a5a-009462058ed2','Daytime Flu Relief Therapy','Finland','Lappi'),
	 ('e4889d92-16ff-4dec-a474-ba5a9667af87','UNDECYLENIC ACID','Czech Republic','Nasavrky'),
	 ('a17a66c0-bf53-4103-88c9-a2246e73deda','Zubsolv','France','Belfort');
INSERT INTO public.airports (id,"name",country,city) VALUES
	 ('7784641c-2345-4e04-a330-4409b227ddd2','Citalopram','Brazil','Santo Amaro'),
	 ('ace63fbe-bb7d-4549-b756-ca61ae6f3deb','womans laxative','Mexico','Hidalgo'),
	 ('ce6c436d-b568-461d-9b38-bd7f8b8843e9','Bone Care','Belarus','Ivanava'),
	 ('4a86dec0-6d74-4a6f-86f8-9e9e5e226578','Amazing Grace Antiperspirant and Deodorant','China','Zhongdong'),
	 ('8a6417da-f0e8-4b5e-ad51-9dc22bcf0f81','Alternaria alternata','France','Villejuif'),
	 ('942bb66a-c2fa-45b7-9c06-0b3651149b6a','Haloperidol','Indonesia','Pasarkolot'),
	 ('28a12ff0-4a1e-46e1-9b14-81300feb96ec','SHISEIDO WHITE','Philippines','Panitian'),
	 ('8abb4a02-2c4d-42fe-b811-a76851fab0e3','Vineyard Antibacterial Foaming Hand Wash','China','Yangxiang'),
	 ('493d59f8-018e-45e8-b1e3-b2609a2fe901','Quillivant','Brazil','Pinheiral'),
	 ('61ba70b9-2cfc-449f-91b1-8a8197caa531','CELEBREX','Vietnam','Đắk Mâm');
INSERT INTO public.airports (id,"name",country,city) VALUES
	 ('06364503-1d63-4cdc-981a-0fddf9afbd47','Minocycline Hydrochloride','Netherlands','Zeewolde'),
	 ('82bbbe6b-3e1e-4567-a71c-c43350259afb','Heparin Sodium','Panama','El Coco'),
	 ('e5ae1766-cb97-49bc-a12c-f62ecc31cac6','Topiramate','Philippines','Nangalisan'),
	 ('832e0cad-2ba8-4eff-bebe-90a518b9a4ab','Childrens Colic RELIEF','Czech Republic','Uničov'),
	 ('4845c46e-aa32-4bc3-b9a9-f326bce2fdf1','Aveeno Active Naturals Natural Protection','China','Guanyinsi'),
	 ('53a2a9f3-3124-4682-9215-b14a4473747d','White Poplar','Brazil','Humaitá'),
	 ('c20168ad-d17a-4e9e-b127-b360316bee23','Clonazepam','Ukraine','Velyka Bilozerka'),
	 ('1f65c8f2-d4bd-4fba-b3f7-5c88a971ed2f','Maalox','China','Andou'),
	 ('c3020e98-c08d-46a8-9d08-a248c045a4c1','Ibuprofen','France','Châtillon'),
	 ('04600001-2665-4aea-8e88-c34fac519f59','BENICAR HCT','China','Mudanjiang');
INSERT INTO public.airports (id,"name",country,city) VALUES
	 ('bc1c6ad2-122a-4b90-aef3-2478349fd49e','Prochlorperazine Edisylate','Russia','Dostoyevka'),
	 ('7a780116-3e82-4fee-b717-44828a7d383d','Metformin Hydrochloride','Kazakhstan','Energeticheskiy'),
	 ('6cd3b2da-7ac3-4c1d-8555-72c2471b966d','Pollens - Trees, Pecan Carya Carya illinoensis','Portugal','Faro'),
	 ('2e8dc4c9-0c72-4e7f-b0e6-480767ef279e','Amlodipine Besylate','Japan','Shiozawa'),
	 ('ce4bd31a-4895-4d2e-b0a4-97cb40d91275','Cocoa Latte Dark','Oman','Bawshar'),
	 ('1d875dc1-10bf-4c05-9cfe-ff048249e756','Hydrocodone Ibuprofen','Indonesia','Banyuresmi'),
	 ('edc05156-6034-406c-ac41-93e2259d801e','Dr. OBERON BODY OIL','Brazil','Coruripe'),
	 ('918e6211-7a3a-4dcc-babf-8136d4202fb6','Advance Techniques Keep Clear','United States','Kansas City'),
	 ('571a43dc-b184-4238-9250-4173249227f5','Pravastatin Sodium','Poland','Hornówek'),
	 ('8574c399-c755-46cd-b915-9360c35ea8b4','Carvedilol','China','Xianshui');
INSERT INTO public.airports (id,"name",country,city) VALUES
	 ('4bf5a9d2-14c2-418d-91e3-7fd56c0d4af7','lice killing','France','Nantes'),
	 ('13465445-fa9a-4c8e-adc7-659aac11da30','Cephalexin','Serbia','Šimanovci'),
	 ('3d6e42e2-972a-456f-b582-146b64896f92','Fluconazole','Brazil','Barra'),
	 ('a932ed9f-baf0-4bbb-83db-fdf2b99d17c2','Salagen','United States','Detroit'),
	 ('2d02219f-ac9a-4a68-a0c3-30e5be4aca8a','PURELL Advanced Hand Sanitizer Aspen Retreat','Sweden','Stockholm'),
	 ('e6953be4-256d-4e8d-bb1d-a5d56823320e','MERCURIUS VIVUS','Indonesia','Plumbon'),
	 ('92443c34-07e7-4cef-9af3-fac32d75b06b','SUGAR FREE PSYLDEX','China','Pujijie'),
	 ('6c589f68-ee47-4512-b3bb-e3a608eee03b','Antibacterial Foaming Hand Cleanser','Seychelles','Anse Boileau'),
	 ('b350f33b-dfa9-474f-8f21-edeb6f8fabdf','Carnitor','China','Tongzha'),
	 ('80fd4878-504d-4ff1-a55d-ea249557df27','INATAL Ultra','Armenia','Nizami');
INSERT INTO public.airports (id,"name",country,city) VALUES
	 ('e42b5ecf-9cf6-40f5-aeb9-1389870fcb9c','Piperacillin and Tazobactam','China','Xiaoguwei'),
	 ('64c5deb4-3a80-4a9f-a176-c2f296612ce6','ABILIFY','China','Heitan'),
	 ('f5ea3ee6-ee72-4197-8abe-3b85d7cccef2','Select Health Allergy Relief','Mali','Tessalit'),
	 ('03a4420c-fe56-48c9-b0c8-cf5a78c5556f','Lactulose','Chile','Taltal'),
	 ('e497ff41-d197-47f6-889c-471535571ddb','Food - Dairy Products, Milk, Whole Cow','Indonesia','Sedatiagung'),
	 ('ea29c886-fe7c-4b18-9972-109e0a5c9b83','Orasep','Indonesia','Ulimonong'),
	 ('24ebce0c-05b9-4857-a812-b099fd87e355','Infectistat','Philippines','Nagrumbuan'),
	 ('8860b53e-604d-4003-aa63-5b26340e2e1f','Octisalate, Avobenzone, Homosalate, Octocrylene','Chile','Las Animas'),
	 ('9e163ae1-684c-4422-8b44-e50b446920af','SODIUM SULFACETAMIDE AND SULFUR','Libya','Al Marj'),
	 ('a9607458-5bfb-452c-8461-6057bac280c5','Naltrexone Hydrochloride','Uzbekistan','Bulung’ur');

-------------
-- FLIGHTS --
-------------


INSERT INTO public.flights (id,origin_id,destination_id,layover_id,airline_name,departure_date,arrival_date,distance,max_capacity,actual_capacity) VALUES
	 ('29a7d484-89ec-400c-a181-89b82ba1b0b2','8ecd3a95-d065-4ddc-88d8-129ff49e2172','cd7ff342-18a5-4d9b-bb82-b6060436fc18',NULL,'Nisi Sem Semper LLP','2022-01-10 08:33:53+01','2022-09-24 22:20:49+02',390,70,39),
	 ('395210fe-a2c7-4e98-afbc-7350d2b3306b','62bef1d2-8aea-4d43-bb11-0e853c4fe2b5','cd7ff342-18a5-4d9b-bb82-b6060436fc18',NULL,'Arcu Iaculis Enim Corp.','2018-06-05 20:01:44+02','2021-10-04 23:54:38+02',2400,70,38),
	 ('1b3e2b27-44b9-4216-b23a-a74d0f200bf8','05e2ccbb-4667-4f7e-bb0f-8133095b829b','cd7ff342-18a5-4d9b-bb82-b6060436fc18',NULL,'Lacinia Sed Associates','2018-05-24 15:05:15+02','2020-12-21 18:39:34+01',1299,70,23),
	 ('e7a641ad-eb07-4e24-a962-f9152149fe10','64d08db0-a998-486a-b21d-3a498ba324cc','cd7ff342-18a5-4d9b-bb82-b6060436fc18',NULL,'Ut Pharetra Associates','2018-08-21 02:01:20+02','2020-10-21 01:05:54+02',4737,60,43),
	 ('71dc6ead-b590-45b1-aa00-c0cd88879b79','97866abe-667f-4b43-99bf-b7fc264a468b','2df0b812-a93e-4b39-bf48-d2db9b39441b',NULL,'Pede Corp.','2021-03-09 17:50:14+01','2021-11-06 01:02:47+01',6728,70,18),
	 ('765ddcec-c68d-4f2e-b843-9a70edbc6177','99a5ef8c-4ce7-411f-8ad9-bfd6a1b96d7d','cd7ff342-18a5-4d9b-bb82-b6060436fc18',NULL,'Phasellus Dapibus Limited','2021-06-26 14:04:26+02','2022-07-15 03:17:50+02',8928,60,19),
	 ('51808afe-b648-4eb3-8fdb-cfd36d7af947','05e2ccbb-4667-4f7e-bb0f-8133095b829b','cd7ff342-18a5-4d9b-bb82-b6060436fc18',NULL,'Iaculis Quis Pede Foundation','2018-10-20 07:38:30+02','2022-08-22 02:09:56+02',7103,80,8),
	 ('8f1291da-0103-4712-8cd0-6fa5d1d8238b','97866abe-667f-4b43-99bf-b7fc264a468b','cd7ff342-18a5-4d9b-bb82-b6060436fc18',NULL,'Urna Vivamus Corporation','2021-05-09 23:52:35+02','2021-07-23 23:32:06+02',2304,60,37),
	 ('63e81ffe-ad62-4562-970f-aac68556a645','62bef1d2-8aea-4d43-bb11-0e853c4fe2b5','2df0b812-a93e-4b39-bf48-d2db9b39441b',NULL,'Purus Ltd','2018-07-14 06:53:02+02','2021-09-06 00:17:11+02',3031,80,16),
	 ('633f5040-9d9f-43fe-9358-505d03248fc7','8ecd3a95-d065-4ddc-88d8-129ff49e2172','2df0b812-a93e-4b39-bf48-d2db9b39441b',NULL,'Varius Corporation','2017-04-29 19:30:58+02','2020-05-02 06:15:27+02',8315,60,55);
INSERT INTO public.flights (id,origin_id,destination_id,layover_id,airline_name,departure_date,arrival_date,distance,max_capacity,actual_capacity) VALUES
	 ('78866e39-8647-4992-b12c-9245a1b68001','0a8d350f-a740-43e5-aea9-3417b7e4a49f','cd7ff342-18a5-4d9b-bb82-b6060436fc18',NULL,'Suspendisse Sed Corporation','2017-07-25 13:11:33+02','2021-03-01 04:24:28+01',3686,80,38),
	 ('7729c4a9-d8e1-452c-818f-814db33046b9','62bef1d2-8aea-4d43-bb11-0e853c4fe2b5','2df0b812-a93e-4b39-bf48-d2db9b39441b',NULL,'Urna Justo Associates','2018-07-04 12:53:11+02','2020-08-14 00:28:47+02',8360,70,33),
	 ('9248c88b-f01b-493f-b41f-b613d3b19653','99a5ef8c-4ce7-411f-8ad9-bfd6a1b96d7d','2df0b812-a93e-4b39-bf48-d2db9b39441b',NULL,'Sed Limited','2017-02-28 05:37:35+01','2020-12-21 01:13:29+01',5424,60,43),
	 ('55af3c4f-d845-48c9-b0a6-f92d67d91fbf','97866abe-667f-4b43-99bf-b7fc264a468b','2df0b812-a93e-4b39-bf48-d2db9b39441b',NULL,'Odio Inc.','2020-11-28 23:33:26+01','2022-02-02 14:00:46+01',5359,80,14),
	 ('3e9ca162-1ff9-4d7d-99fe-fd130afa1b89','8ecd3a95-d065-4ddc-88d8-129ff49e2172','cd7ff342-18a5-4d9b-bb82-b6060436fc18',NULL,'Semper Dui Company','2018-10-01 20:54:39+02','2020-12-05 16:17:24+01',8301,80,49),
	 ('4a430abd-8bb6-4b3b-b89a-02aab9f8e317','8ecd3a95-d065-4ddc-88d8-129ff49e2172','2df0b812-a93e-4b39-bf48-d2db9b39441b',NULL,'Et Rutrum LLC','2021-06-10 23:31:22+02','2022-09-20 18:15:29+02',7209,70,16),
	 ('46c103c4-6602-4f66-aff8-ee08de8a5771','8ecd3a95-d065-4ddc-88d8-129ff49e2172','2df0b812-a93e-4b39-bf48-d2db9b39441b',NULL,'Nec Corporation','2021-09-01 18:38:47+02','2021-12-15 03:08:23+01',3475,70,58),
	 ('3d63a5a6-9f5c-45c7-85a6-f0ca9a393881','62bef1d2-8aea-4d43-bb11-0e853c4fe2b5','2df0b812-a93e-4b39-bf48-d2db9b39441b',NULL,'Erat Etiam Vestibulum Foundation','2018-02-11 21:21:00+01','2020-06-23 07:35:27+02',1600,70,4),
	 ('e0300a60-ffc1-407b-832c-249e5c50a83b','99a5ef8c-4ce7-411f-8ad9-bfd6a1b96d7d','2df0b812-a93e-4b39-bf48-d2db9b39441b',NULL,'Arcu Vivamus Institute','2020-09-24 20:56:50+02','2021-01-21 15:47:42+01',1384,60,11),
	 ('27abf0d5-cfed-4d28-bf73-b1a76a0f65cb','64d08db0-a998-486a-b21d-3a498ba324cc','cd7ff342-18a5-4d9b-bb82-b6060436fc18',NULL,'Erat Volutpat Incorporated','2020-05-20 10:47:44+02','2020-11-17 00:03:50+01',3530,60,31);
INSERT INTO public.flights (id,origin_id,destination_id,layover_id,airline_name,departure_date,arrival_date,distance,max_capacity,actual_capacity) VALUES
	 ('2c4fcf07-1de0-4a15-b5e2-898d1f23583e','62bef1d2-8aea-4d43-bb11-0e853c4fe2b5','2df0b812-a93e-4b39-bf48-d2db9b39441b',NULL,'Enim Condimentum Corp.','2017-10-28 15:02:17+02','2021-05-06 10:06:47+02',5051,60,14),
	 ('6565b0b9-e074-4656-acd4-b9892edfa68d','05e2ccbb-4667-4f7e-bb0f-8133095b829b','2df0b812-a93e-4b39-bf48-d2db9b39441b',NULL,'Augue Porttitor Incorporated','2020-07-19 20:53:12+02','2022-05-27 00:40:22+02',8922,80,28),
	 ('09efde66-5722-46ba-bb65-8b9bf061738a','99a5ef8c-4ce7-411f-8ad9-bfd6a1b96d7d','cd7ff342-18a5-4d9b-bb82-b6060436fc18',NULL,'Dui Nec LLC','2017-10-20 05:14:31+02','2020-08-29 00:03:56+02',4078,60,56),
	 ('a618000b-9e64-46f3-9c6c-5f44e775170f','62bef1d2-8aea-4d43-bb11-0e853c4fe2b5','cd7ff342-18a5-4d9b-bb82-b6060436fc18',NULL,'Lobortis Tellus Associates','2020-07-16 11:40:27+02','2022-07-28 14:47:43+02',9073,70,19),
	 ('4c6bdf93-fab1-4e8e-bbdc-c4dc9b9f4e53','99a5ef8c-4ce7-411f-8ad9-bfd6a1b96d7d','cd7ff342-18a5-4d9b-bb82-b6060436fc18',NULL,'Nam Institute','2018-06-27 10:59:09+02','2021-06-27 15:54:26+02',6373,70,32),
	 ('5dc30499-f5d3-4325-884a-62e746365775','64d08db0-a998-486a-b21d-3a498ba324cc','2df0b812-a93e-4b39-bf48-d2db9b39441b',NULL,'Commodo At Industries','2018-06-16 03:56:02+02','2021-11-04 04:08:24+01',6387,80,32),
	 ('69278a72-bfb8-4b52-a226-fedc27df27fa','62bef1d2-8aea-4d43-bb11-0e853c4fe2b5','2df0b812-a93e-4b39-bf48-d2db9b39441b',NULL,'Sollicitudin Commodo Incorporated','2021-07-11 13:36:43+02','2022-01-31 01:39:39+01',6347,70,16),
	 ('1b8485de-e631-498e-921d-f1451340d96b','97866abe-667f-4b43-99bf-b7fc264a468b','cd7ff342-18a5-4d9b-bb82-b6060436fc18',NULL,'Sem Elit Incorporated','2018-08-26 02:26:50+02','2020-07-02 21:43:33+02',2831,80,46),
	 ('bc957a20-a942-4925-a873-7dff865fd654','64d08db0-a998-486a-b21d-3a498ba324cc','2df0b812-a93e-4b39-bf48-d2db9b39441b',NULL,'Odio Nam Incorporated','2018-04-14 12:14:22+02','2020-10-21 17:39:11+02',8196,60,45),
	 ('4d64d0ae-f8a3-4ac8-8eb3-dd48840daa7f','99a5ef8c-4ce7-411f-8ad9-bfd6a1b96d7d','cd7ff342-18a5-4d9b-bb82-b6060436fc18',NULL,'Eu Odio PC','2020-08-24 23:08:03+02','2022-04-25 12:02:09+02',3055,70,12);
INSERT INTO public.flights (id,origin_id,destination_id,layover_id,airline_name,departure_date,arrival_date,distance,max_capacity,actual_capacity) VALUES
	 ('3f817a91-c4fa-4b68-9c3e-96c5305e2bda','64d08db0-a998-486a-b21d-3a498ba324cc','cd7ff342-18a5-4d9b-bb82-b6060436fc18',NULL,'Sapien Aenean Consulting','2020-11-07 23:00:21+01','2021-11-23 11:47:57+01',6679,60,2),
	 ('434608d0-09bd-4373-8dee-afc6f222c429','62bef1d2-8aea-4d43-bb11-0e853c4fe2b5','cd7ff342-18a5-4d9b-bb82-b6060436fc18',NULL,'Pede Praesent Associates','2017-03-23 01:19:55+01','2020-04-14 21:39:04+02',263,70,59),
	 ('dadbebca-b079-49b5-9e89-8586646bfd06','0a8d350f-a740-43e5-aea9-3417b7e4a49f','2df0b812-a93e-4b39-bf48-d2db9b39441b',NULL,'Sed Malesuada PC','2018-10-12 04:27:13+02','2020-08-19 00:51:46+02',6010,70,27),
	 ('1d10b14a-1cf8-46a3-8559-4d87bb31a42b','64d08db0-a998-486a-b21d-3a498ba324cc','cd7ff342-18a5-4d9b-bb82-b6060436fc18',NULL,'Lacus Quisque Foundation','2018-05-31 04:43:21+02','2021-03-23 00:01:59+01',6601,80,22),
	 ('e36c07e9-d765-4ebb-8fb3-1b824f93ebab','99a5ef8c-4ce7-411f-8ad9-bfd6a1b96d7d','cd7ff342-18a5-4d9b-bb82-b6060436fc18',NULL,'Pede Limited','2020-07-04 06:01:42+02','2021-09-19 12:50:18+02',5386,80,6),
	 ('ea3c0228-4cf8-4ea3-9f50-0e2049966c85','64d08db0-a998-486a-b21d-3a498ba324cc','cd7ff342-18a5-4d9b-bb82-b6060436fc18',NULL,'Amet Diam Eu Associates','2018-04-05 05:15:58+02','2020-07-04 14:35:59+02',524,70,35),
	 ('bc762cba-2582-42c8-bfb0-e32c73907c45','64d08db0-a998-486a-b21d-3a498ba324cc','cd7ff342-18a5-4d9b-bb82-b6060436fc18',NULL,'Lectus LLP','2018-03-09 16:34:41+01','2021-08-17 02:20:09+02',3765,80,55),
	 ('82fa3302-6e2a-4567-80ab-326c75f75db3','62bef1d2-8aea-4d43-bb11-0e853c4fe2b5','cd7ff342-18a5-4d9b-bb82-b6060436fc18',NULL,'Quisque Tincidunt Industries','2021-01-13 02:38:35+01','2021-02-10 18:17:28+01',6913,80,59),
	 ('d73324bc-1107-451a-8383-f44630a194c5','8ecd3a95-d065-4ddc-88d8-129ff49e2172','cd7ff342-18a5-4d9b-bb82-b6060436fc18',NULL,'Mattis Cras Inc.','2018-10-29 14:49:12+01','2020-11-26 04:54:54+01',9245,60,39),
	 ('9f4bd368-f3ac-46c4-8b87-686571c5c51a','62bef1d2-8aea-4d43-bb11-0e853c4fe2b5','cd7ff342-18a5-4d9b-bb82-b6060436fc18',NULL,'Mollis Lectus Incorporated','2017-07-23 10:10:03+02','2021-06-08 22:00:24+02',3542,70,57);
INSERT INTO public.flights (id,origin_id,destination_id,layover_id,airline_name,departure_date,arrival_date,distance,max_capacity,actual_capacity) VALUES
	 ('e9c30533-d38b-48f7-936d-ab9b5be8c859','05e2ccbb-4667-4f7e-bb0f-8133095b829b','cd7ff342-18a5-4d9b-bb82-b6060436fc18',NULL,'Proin Nisl Sem Corporation','2018-05-11 05:18:52+02','2021-12-11 00:22:31+01',3381,60,13),
	 ('206dd19c-444e-493c-a06f-927b8f33e9ff','0a8d350f-a740-43e5-aea9-3417b7e4a49f','2df0b812-a93e-4b39-bf48-d2db9b39441b',NULL,'Aliquam PC','2017-09-16 05:47:23+02','2020-05-16 19:36:10+02',3099,60,53),
	 ('dcfadda5-3299-4a28-8273-808103a98384','0a8d350f-a740-43e5-aea9-3417b7e4a49f','2df0b812-a93e-4b39-bf48-d2db9b39441b',NULL,'Adipiscing Elit Industries','2020-11-24 13:22:56+01','2021-03-11 13:46:47+01',9394,70,31),
	 ('195818e3-b50f-4c68-8b23-5366300b232f','64d08db0-a998-486a-b21d-3a498ba324cc','2df0b812-a93e-4b39-bf48-d2db9b39441b',NULL,'Lacus Cras Interdum Inc.','2017-04-16 15:41:49+02','2020-10-27 21:05:11+01',4546,70,47),
	 ('999fde89-65f6-4ff7-bc26-98fd387fa342','62bef1d2-8aea-4d43-bb11-0e853c4fe2b5','2df0b812-a93e-4b39-bf48-d2db9b39441b',NULL,'Eget Nisi Dictum LLP','2021-10-03 20:06:46+02','2022-01-06 05:58:55+01',81,80,15),
	 ('bdee60d1-a84a-4a01-beac-30b22b043ebb','8ecd3a95-d065-4ddc-88d8-129ff49e2172','cd7ff342-18a5-4d9b-bb82-b6060436fc18',NULL,'Morbi Quis Corp.','2020-08-23 19:24:43+02','2022-07-19 02:00:50+02',8802,60,21),
	 ('233a12d5-aa3d-4e60-a9a2-fa4afdb666bb','64d08db0-a998-486a-b21d-3a498ba324cc','cd7ff342-18a5-4d9b-bb82-b6060436fc18',NULL,'Scelerisque Neque Nullam Corporation','2018-02-27 09:09:22+01','2022-01-19 23:59:05+01',6432,60,50),
	 ('26606b3e-9e86-4579-8b12-6c799f1b9213','62bef1d2-8aea-4d43-bb11-0e853c4fe2b5','2df0b812-a93e-4b39-bf48-d2db9b39441b',NULL,'Luctus Felis Industries','2021-10-22 02:33:23+02','2022-08-03 08:28:14+02',3235,80,3),
	 ('1667ea5f-d5c9-433e-902c-73ae7c39ef50','97866abe-667f-4b43-99bf-b7fc264a468b','2df0b812-a93e-4b39-bf48-d2db9b39441b',NULL,'Magna Corporation','2021-12-17 02:35:28+01','2022-09-29 07:28:01+02',629,70,42),
	 ('1c73e004-b124-4438-a117-59fed90facb9','99a5ef8c-4ce7-411f-8ad9-bfd6a1b96d7d','2df0b812-a93e-4b39-bf48-d2db9b39441b',NULL,'Amet Nulla Associates','2020-10-08 17:12:13+02','2022-08-19 19:09:02+02',2053,60,50);
INSERT INTO public.flights (id,origin_id,destination_id,layover_id,airline_name,departure_date,arrival_date,distance,max_capacity,actual_capacity) VALUES
	 ('f0c9337b-872d-43d8-a1d0-52f4c3b9cb58','64d08db0-a998-486a-b21d-3a498ba324cc','cd7ff342-18a5-4d9b-bb82-b6060436fc18',NULL,'Et Arcu Imperdiet Incorporated','2017-11-02 09:11:13+01','2020-08-03 22:32:34+02',7094,70,52),
	 ('0dc6e7fa-7bdf-48b2-9088-a712f0074e78','8ecd3a95-d065-4ddc-88d8-129ff49e2172','2df0b812-a93e-4b39-bf48-d2db9b39441b',NULL,'Convallis Ligula Donec Incorporated','2018-03-10 04:57:51+01','2021-12-19 09:49:27+01',8870,80,2),
	 ('4688c71f-0767-4ee9-a78d-bbab6a51f9d3','64d08db0-a998-486a-b21d-3a498ba324cc','cd7ff342-18a5-4d9b-bb82-b6060436fc18',NULL,'Malesuada Malesuada Foundation','2017-11-01 03:51:44+01','2021-04-05 02:26:20+02',2051,60,24),
	 ('42dcc9bc-8e32-4118-b349-cda4528a99bc','99a5ef8c-4ce7-411f-8ad9-bfd6a1b96d7d','2df0b812-a93e-4b39-bf48-d2db9b39441b',NULL,'Nulla Ante LLC','2021-08-11 09:51:07+02','2021-09-20 16:24:17+02',2060,60,38),
	 ('dc427046-7b6b-4a8f-9fbb-37916f112518','62bef1d2-8aea-4d43-bb11-0e853c4fe2b5','2df0b812-a93e-4b39-bf48-d2db9b39441b',NULL,'Nisl Quisque Industries','2020-12-31 20:10:00+01','2021-08-15 16:47:49+02',6799,70,46),
	 ('33024c1a-b9a6-44d8-94a5-c2c4c52fd706','05e2ccbb-4667-4f7e-bb0f-8133095b829b','cd7ff342-18a5-4d9b-bb82-b6060436fc18',NULL,'Sit Amet Institute','2018-03-09 04:49:15+01','2022-02-08 18:59:20+01',1869,70,8),
	 ('ec0fc36d-6e5e-40af-8bf2-cfec5aeee4a5','99a5ef8c-4ce7-411f-8ad9-bfd6a1b96d7d','2df0b812-a93e-4b39-bf48-d2db9b39441b',NULL,'Aliquam Enim LLP','2021-10-02 14:29:19+02','2021-12-16 16:18:46+01',2867,70,7),
	 ('ba9ce94c-df30-437e-8b6e-ecdfb665ab5d','8ecd3a95-d065-4ddc-88d8-129ff49e2172','2df0b812-a93e-4b39-bf48-d2db9b39441b',NULL,'Lobortis PC','2018-02-15 04:50:03+01','2020-09-20 20:23:46+02',9622,60,35),
	 ('64401dd9-8b54-4556-b8c8-51f158acbc49','05e2ccbb-4667-4f7e-bb0f-8133095b829b','cd7ff342-18a5-4d9b-bb82-b6060436fc18',NULL,'Placerat Orci Lacus Institute','2020-12-31 18:25:51+01','2022-08-02 22:10:29+02',6801,70,10),
	 ('df4bc53d-45fd-4f72-87fb-a21e51ef1886','62bef1d2-8aea-4d43-bb11-0e853c4fe2b5','cd7ff342-18a5-4d9b-bb82-b6060436fc18',NULL,'Rutrum Fusce Dolor PC','2017-11-06 02:42:44+01','2020-08-28 13:40:38+02',8669,70,19);
INSERT INTO public.flights (id,origin_id,destination_id,layover_id,airline_name,departure_date,arrival_date,distance,max_capacity,actual_capacity) VALUES
	 ('ada50587-7e16-46eb-b8f3-643937105b1b','64d08db0-a998-486a-b21d-3a498ba324cc','cd7ff342-18a5-4d9b-bb82-b6060436fc18',NULL,'Vitae Orci LLC','2017-10-06 11:56:38+02','2021-07-27 06:42:32+02',9712,60,13),
	 ('f8376f2f-489d-4ce2-b3b7-f501ae2ef9fa','8ecd3a95-d065-4ddc-88d8-129ff49e2172','cd7ff342-18a5-4d9b-bb82-b6060436fc18',NULL,'Cubilia LLC','2020-09-24 00:02:17+02','2022-06-29 00:34:35+02',8421,70,44),
	 ('45455f0d-db6c-4f8c-aa78-58bf555f2216','99a5ef8c-4ce7-411f-8ad9-bfd6a1b96d7d','cd7ff342-18a5-4d9b-bb82-b6060436fc18',NULL,'Dui Fusce Foundation','2021-02-19 05:16:29+01','2022-10-06 11:08:42+02',6990,70,9),
	 ('e90ce388-1c67-410b-b45f-56ca30d4113c','05e2ccbb-4667-4f7e-bb0f-8133095b829b','2df0b812-a93e-4b39-bf48-d2db9b39441b',NULL,'Metus In Foundation','2021-07-26 14:47:31+02','2021-11-19 16:20:59+01',5941,60,57),
	 ('a234512f-af43-4b7b-b097-80205386c6af','99a5ef8c-4ce7-411f-8ad9-bfd6a1b96d7d','cd7ff342-18a5-4d9b-bb82-b6060436fc18',NULL,'Ut Semper Ltd','2021-12-20 21:10:44+01','2022-02-23 11:26:32+01',8229,80,49),
	 ('398245a3-01c2-423a-abf3-5216f219003a','62bef1d2-8aea-4d43-bb11-0e853c4fe2b5','2df0b812-a93e-4b39-bf48-d2db9b39441b',NULL,'Cubilia Curae Inc.','2021-01-07 01:11:41+01','2021-10-31 07:07:35+01',7974,80,9),
	 ('8cfb008d-1da8-46d0-a9d4-ea942c8e7caa','0a8d350f-a740-43e5-aea9-3417b7e4a49f','cd7ff342-18a5-4d9b-bb82-b6060436fc18',NULL,'Auctor Ullamcorper PC','2018-07-16 02:47:13+02','2022-06-25 18:39:22+02',8507,80,43),
	 ('4afddadb-d09f-4b74-bc27-17e5ab1347fe','8ecd3a95-d065-4ddc-88d8-129ff49e2172','2df0b812-a93e-4b39-bf48-d2db9b39441b',NULL,'Tellus Industries','2018-06-18 22:01:27+02','2021-04-15 20:03:04+02',1451,70,11),
	 ('2b9d714b-a50b-47c0-8b25-7a16ceb0a504','05e2ccbb-4667-4f7e-bb0f-8133095b829b','cd7ff342-18a5-4d9b-bb82-b6060436fc18',NULL,'Orci Donec Nibh Inc.','2018-03-01 22:08:55+01','2021-12-09 05:10:00+01',9632,60,20),
	 ('c3f66fd0-bd80-4f9e-89a1-fdbfbf29956e','8ecd3a95-d065-4ddc-88d8-129ff49e2172','2df0b812-a93e-4b39-bf48-d2db9b39441b',NULL,'Ornare Facilisis Industries','2016-10-10 18:23:05+02','2020-09-12 06:01:57+02',3499,70,16);
INSERT INTO public.flights (id,origin_id,destination_id,layover_id,airline_name,departure_date,arrival_date,distance,max_capacity,actual_capacity) VALUES
	 ('16e0fd6d-d606-4a7d-b16f-004c3731a23e','62bef1d2-8aea-4d43-bb11-0e853c4fe2b5','2df0b812-a93e-4b39-bf48-d2db9b39441b',NULL,'Sagittis Foundation','2018-07-01 15:28:21+02','2021-10-22 09:49:20+02',1628,70,2),
	 ('6ae5ae42-322e-4fc1-82a4-f4d0ffc1df98','97866abe-667f-4b43-99bf-b7fc264a468b','cd7ff342-18a5-4d9b-bb82-b6060436fc18',NULL,'Enim Nunc PC','2022-02-17 07:52:49+01','2022-08-27 16:52:20+02',2838,60,5),
	 ('a07520ed-b502-484a-ad23-58ed9820f101','8ecd3a95-d065-4ddc-88d8-129ff49e2172','cd7ff342-18a5-4d9b-bb82-b6060436fc18',NULL,'Hendrerit Neque Incorporated','2020-09-26 09:16:46+02','2022-06-08 16:04:22+02',7004,60,30),
	 ('22d0c62a-a70c-4c34-a0d2-b9c49429f08a','97866abe-667f-4b43-99bf-b7fc264a468b','cd7ff342-18a5-4d9b-bb82-b6060436fc18',NULL,'Curae Associates','2018-06-22 00:03:38+02','2021-03-19 18:13:22+01',7503,60,50),
	 ('6a4f54f5-cc7b-48b0-a532-cdb97f81144e','0a8d350f-a740-43e5-aea9-3417b7e4a49f','2df0b812-a93e-4b39-bf48-d2db9b39441b',NULL,'Sollicitudin Adipiscing Ligula LLP','2017-04-08 08:42:53+02','2020-05-26 05:55:44+02',7230,60,23),
	 ('379ce78a-508c-49f8-b0e4-0b9f577c88b8','8ecd3a95-d065-4ddc-88d8-129ff49e2172','cd7ff342-18a5-4d9b-bb82-b6060436fc18',NULL,'Ut Pellentesque Institute','2020-09-15 20:57:23+02','2020-09-16 01:12:25+02',3097,70,12),
	 ('22c99e5c-a83f-44ef-b6c3-8a14f4665677','64d08db0-a998-486a-b21d-3a498ba324cc','2df0b812-a93e-4b39-bf48-d2db9b39441b',NULL,'Vel Quam Inc.','2020-09-21 00:57:44+02','2021-08-24 20:56:04+02',2940,70,28),
	 ('a18a99d6-ef34-40dd-ad04-0a6475f70b11','62bef1d2-8aea-4d43-bb11-0e853c4fe2b5','2df0b812-a93e-4b39-bf48-d2db9b39441b',NULL,'Aliquam Ornare Limited','2017-10-05 22:44:39+02','2021-06-03 20:04:59+02',1050,60,24),
	 ('20658e6e-b40a-44ef-8b0f-2b0c4749869b','05e2ccbb-4667-4f7e-bb0f-8133095b829b','2df0b812-a93e-4b39-bf48-d2db9b39441b',NULL,'Tellus Justo PC','2017-09-10 05:11:57+02','2021-01-22 03:37:04+01',6918,80,13),
	 ('286e070e-f2c7-4e2c-bf02-b902d2fb1468','05e2ccbb-4667-4f7e-bb0f-8133095b829b','2df0b812-a93e-4b39-bf48-d2db9b39441b',NULL,'Cursus Corp.','2018-10-07 01:52:15+02','2022-04-17 10:21:58+02',1755,70,31);
INSERT INTO public.flights (id,origin_id,destination_id,layover_id,airline_name,departure_date,arrival_date,distance,max_capacity,actual_capacity) VALUES
	 ('dd18c606-0a7b-4ff4-b94a-b5c19be0b8c4','97866abe-667f-4b43-99bf-b7fc264a468b','cd7ff342-18a5-4d9b-bb82-b6060436fc18',NULL,'Nulla Associates','2020-11-30 23:55:16+01','2022-01-25 19:07:37+01',1402,80,36),
	 ('f85e0a47-f7fb-4793-876b-7ff448884604','99a5ef8c-4ce7-411f-8ad9-bfd6a1b96d7d','2df0b812-a93e-4b39-bf48-d2db9b39441b',NULL,'Enim Corp.','2020-09-10 00:31:37+02','2021-09-15 13:15:20+02',7071,80,16),
	 ('693eadb5-6815-4c8b-ab06-9fdd82692503','64d08db0-a998-486a-b21d-3a498ba324cc','cd7ff342-18a5-4d9b-bb82-b6060436fc18',NULL,'Orci Corp.','2017-01-03 12:28:24+01','2020-11-21 12:38:19+01',4175,60,10),
	 ('9ed65942-0fe4-45a6-8f27-7eeaf7edb10d','05e2ccbb-4667-4f7e-bb0f-8133095b829b','2df0b812-a93e-4b39-bf48-d2db9b39441b',NULL,'Ultrices A Associates','2020-08-31 10:45:08+02','2021-05-05 08:46:30+02',4350,60,38),
	 ('d9e9081b-79db-4d57-b06d-0d1d9eb73244','97866abe-667f-4b43-99bf-b7fc264a468b','2df0b812-a93e-4b39-bf48-d2db9b39441b',NULL,'Interdum Curabitur Company','2021-01-13 00:45:19+01','2022-06-30 15:08:26+02',7026,80,41),
	 ('17f60dc3-753a-478f-937c-1df951636c8b','62bef1d2-8aea-4d43-bb11-0e853c4fe2b5','cd7ff342-18a5-4d9b-bb82-b6060436fc18',NULL,'Nisl Elementum LLP','2021-02-07 07:16:12+01','2022-08-14 05:25:53+02',1884,80,26),
	 ('eb0d5406-7d6a-45e9-8654-952729882f38','97866abe-667f-4b43-99bf-b7fc264a468b','2df0b812-a93e-4b39-bf48-d2db9b39441b',NULL,'Velit Eu LLP','2018-04-16 16:19:16+02','2022-01-29 13:53:01+01',2590,70,29),
	 ('681558b1-9f48-419d-98df-9e0f46072d06','64d08db0-a998-486a-b21d-3a498ba324cc','2df0b812-a93e-4b39-bf48-d2db9b39441b',NULL,'Ut Molestie LLP','2020-05-19 14:48:52+02','2022-05-30 13:49:14+02',8928,60,3),
	 ('0df8d5ac-5eff-4c8f-a462-732ce4018c90','99a5ef8c-4ce7-411f-8ad9-bfd6a1b96d7d','cd7ff342-18a5-4d9b-bb82-b6060436fc18',NULL,'Aliquam Incorporated','2018-07-08 02:27:54+02','2020-11-22 08:56:03+01',8574,70,3),
	 ('3b33b034-4f2b-4ba4-b1b7-ecf74f6881f3','64d08db0-a998-486a-b21d-3a498ba324cc','2df0b812-a93e-4b39-bf48-d2db9b39441b',NULL,'Ultrices Posuere Corp.','2020-10-30 16:47:41+01','2021-09-02 03:37:01+02',204,60,35);
INSERT INTO public.flights (id,origin_id,destination_id,layover_id,airline_name,departure_date,arrival_date,distance,max_capacity,actual_capacity) VALUES
	 ('54fc3fc5-e0a2-466f-96bb-11575657c104','05e2ccbb-4667-4f7e-bb0f-8133095b829b','2df0b812-a93e-4b39-bf48-d2db9b39441b',NULL,'Ac Foundation','2018-09-01 15:19:25+02','2020-09-11 03:14:13+02',3716,80,19),
	 ('bdd50a22-b3b8-48a2-8641-04f2a226285e','05e2ccbb-4667-4f7e-bb0f-8133095b829b','cd7ff342-18a5-4d9b-bb82-b6060436fc18',NULL,'Sagittis Institute','2017-10-16 08:58:33+02','2020-09-30 00:49:55+02',9974,60,26),
	 ('fb4f1503-98ce-4b19-950c-069c8877de4f','05e2ccbb-4667-4f7e-bb0f-8133095b829b','2df0b812-a93e-4b39-bf48-d2db9b39441b',NULL,'Suspendisse Commodo Tincidunt LLC','2020-10-24 20:05:34+02','2022-01-04 15:10:11+01',4848,80,34),
	 ('cb96996a-7b09-4e4d-a5e5-b691e80320b0','99a5ef8c-4ce7-411f-8ad9-bfd6a1b96d7d','2df0b812-a93e-4b39-bf48-d2db9b39441b',NULL,'Ac Urna Limited','2021-04-21 19:21:42+02','2021-07-31 23:23:52+02',8585,80,3),
	 ('fcc92d58-e274-40a6-b2a4-3183e5ff53b3','cd7ff342-18a5-4d9b-bb82-b6060436fc18','17831794-b536-42ce-aa50-8306971f2868',NULL,'Qatar Airlines','2021-11-04 10:28:40+01','2021-11-05 09:12:46+01',1334.82,100,72),
	 ('e066f404-6335-4ca9-93b0-1abd35f344d9','2df0b812-a93e-4b39-bf48-d2db9b39441b','f7e1fbdf-269a-44b5-ac30-f63abac1711b',NULL,'Mocky-Mock Airlines','2022-01-07 10:28:40+01','2022-01-08 11:10:51+01',9007.01,60,28),
	 ('9ea4845e-2f2f-423d-9707-0ee647423d95','cd7ff342-18a5-4d9b-bb82-b6060436fc18','41a82d46-228a-4c26-bdfc-7d7bbd5a9e82',NULL,'Manolo e Hijos Airlines','2022-07-21 10:12:10+02','2022-07-29 19:11:23+02',2114.41,90,89),
	 ('16bf19ee-c521-4605-9675-bacba5bba0c3','cd7ff342-18a5-4d9b-bb82-b6060436fc18','8a6417da-f0e8-4b5e-ad51-9dc22bcf0f81',NULL,'Google Airlines','2022-01-29 04:01:02+01','2022-02-01 06:58:21+01',1031.11,80,72),
	 ('0bd72c78-5443-4bf1-81d3-2875198150a0','2df0b812-a93e-4b39-bf48-d2db9b39441b','493d59f8-018e-45e8-b1e3-b2609a2fe901',NULL,'Los Romeros de la Puebla airlines','2022-08-05 20:10:18+02','2022-08-07 02:05:51+02',8741.21,80,65),
	 ('7d2c2481-3f63-4b76-ab24-2ac4e112d471','2df0b812-a93e-4b39-bf48-d2db9b39441b','64c5deb4-3a80-4a9f-a176-c2f296612ce6',NULL,'Air Airline','2022-01-21 10:28:40+01','2022-01-22 08:11:51+01',7884.40,85,44);
INSERT INTO public.flights (id,origin_id,destination_id,layover_id,airline_name,departure_date,arrival_date,distance,max_capacity,actual_capacity) VALUES
	 ('761fe8ea-ae11-4a3a-a411-6a64a95e5f1a','2df0b812-a93e-4b39-bf48-d2db9b39441b','6c589f68-ee47-4512-b3bb-e3a608eee03b',NULL,'Line Airlines','2022-09-30 05:14:22+02','2022-10-01 11:01:41+02',1584.61,85,13),
	 ('64f3e4e1-b1aa-4e80-9c8f-b1d292e6787d','cd7ff342-18a5-4d9b-bb82-b6060436fc18','e6953be4-256d-4e8d-bb1d-a5d56823320e',NULL,'Qwerty Airlines','2022-08-21 01:11:55+02','2022-08-29 15:05:11+02',9354.51,50,7),
	 ('cc909240-b5d0-45a1-8e07-18421165d74b','cd7ff342-18a5-4d9b-bb82-b6060436fc18','2df0b812-a93e-4b39-bf48-d2db9b39441b',NULL,'Fake Airlines','2022-01-21 10:28:40+01','2022-01-22 08:11:51+01',7854.41,80,79),
	 ('3fd7dbad-7125-42ea-9309-52f12182d4b2','2df0b812-a93e-4b39-bf48-d2db9b39441b','62bef1d2-8aea-4d43-bb11-0e853c4fe2b5',NULL,'RyanAir Iberia','2021-10-20 11:28:40+02','2021-10-22 09:11:51+02',7854.41,80,23),
	 ('757ac6bc-9908-4834-99ec-43f91064f4f9','99a5ef8c-4ce7-411f-8ad9-bfd6a1b96d7d','2df0b812-a93e-4b39-bf48-d2db9b39441b','3fd7dbad-7125-42ea-9309-52f12182d4b2','Vulputate Lacus Associates','2018-07-28 10:41:27+02','2021-09-01 15:28:40+02',7673,80,37),
	 ('ebee5ba4-7d8d-464a-bb4c-2a92dbffcd40','8ecd3a95-d065-4ddc-88d8-129ff49e2172','cd7ff342-18a5-4d9b-bb82-b6060436fc18','cc909240-b5d0-45a1-8e07-18421165d74b','Mus Industries','2018-01-28 12:16:13+01','2021-08-29 00:34:21+02',4884,60,12),
	 ('4bd23192-cef2-4c1c-bd72-7b2bf8eaf8cc','62bef1d2-8aea-4d43-bb11-0e853c4fe2b5','cd7ff342-18a5-4d9b-bb82-b6060436fc18','3fd7dbad-7125-42ea-9309-52f12182d4b2','Pellentesque Inc.','2021-08-20 09:26:01+02','2021-10-18 08:31:50+02',5609,70,19),
	 ('99d1ac55-3c05-42d0-83fb-32a5a701dc1b','0a8d350f-a740-43e5-aea9-3417b7e4a49f','64c5deb4-3a80-4a9f-a176-c2f296612ce6',NULL,'Nonummy Ultricies Ornare Institute','2020-09-27 18:44:57+02','2020-11-07 18:01:23+01',5123,60,26),
	 ('fa5f65d9-8342-4373-920f-f1719a1355ea','99a5ef8c-4ce7-411f-8ad9-bfd6a1b96d7d','cd7ff342-18a5-4d9b-bb82-b6060436fc18','e1f8ed40-a8d2-4877-b62b-e5d3c5c2bff0','Donec Egestas Incorporated','2017-02-28 21:10:12+01','2020-06-11 18:49:10+02',5855,80,26),
	 ('e1f8ed40-a8d2-4877-b62b-e5d3c5c2bff0','cd7ff342-18a5-4d9b-bb82-b6060436fc18','0a8d350f-a740-43e5-aea9-3417b7e4a49f','99d1ac55-3c05-42d0-83fb-32a5a701dc1b','Ac Turpis Egestas Corp.','2017-03-07 10:36:08+01','2020-08-29 12:00:12+02',6557,80,9);
INSERT INTO public.flights (id,origin_id,destination_id,layover_id,airline_name,departure_date,arrival_date,distance,max_capacity,actual_capacity) VALUES
	 ('af528058-a9b9-483c-9d54-bf95b530188d','e4889d92-16ff-4dec-a474-ba5a9667af87','e4889d92-16ff-4dec-a474-ba5a9667af87',NULL,'Photospace','2023-10-06 15:47:00+02','2023-10-27 13:24:54+02',9376.6,70,16),
	 ('0d3b316d-edb4-4b1d-aa89-ba4458c29957','e42b5ecf-9cf6-40f5-aeb9-1389870fcb9c','0a8d350f-a740-43e5-aea9-3417b7e4a49f',NULL,'Jazzy','2023-02-11 16:40:06+01','2025-01-07 23:39:12+01',8200.03,70,60),
	 ('d514c496-1341-4336-8be9-0fa51b9ef272','1d875dc1-10bf-4c05-9cfe-ff048249e756','04600001-2665-4aea-8e88-c34fac519f59',NULL,'Meembee','2025-02-18 04:57:06+01','2025-07-18 21:26:54+02',1354.41,70,56),
	 ('6d7a0a52-af0f-45dc-9fcd-1c5c35fdb7f7','7b4dc683-dc47-437d-a830-a9eeff6febbb','05e2ccbb-4667-4f7e-bb0f-8133095b829b',NULL,'Kwilith','2023-05-24 02:01:53+02','2025-02-28 20:10:16+01',916.51,70,62),
	 ('7baf0cfb-9078-4b6a-98b9-570a930ac002','832e0cad-2ba8-4eff-bebe-90a518b9a4ab','80fd4878-504d-4ff1-a55d-ea249557df27',NULL,'Camido','2023-05-14 03:26:47+02','2025-02-08 20:16:21+01',9961.18,70,68),
	 ('64cee3be-d544-4985-8e38-3143d28d0369','1ca1694a-debe-4d8e-a9c1-d32eccb3fde7','493d59f8-018e-45e8-b1e3-b2609a2fe901',NULL,'Dablist','2024-03-09 23:28:36+01','2024-03-21 18:07:01+01',9469.95,70,61),
	 ('cfceef3e-49e2-4cf9-ad13-07b0472e6ac1','13465445-fa9a-4c8e-adc7-659aac11da30','207242ca-1d75-4cc5-9ccd-dbabce1766e3',NULL,'Photolist','2024-10-12 21:40:46+02','2024-06-12 06:29:27+02',5708.48,70,29),
	 ('0720f22f-7cc9-4ecb-b961-c43b087abc0f','7c1cb423-2971-4a5c-9816-78c6cad06412','6cd3b2da-7ac3-4c1d-8555-72c2471b966d',NULL,'Kwideo','2023-07-17 19:10:43+02','2024-12-04 05:05:35+01',8076.14,70,60),
	 ('e6c58ad7-3d03-45ee-94a3-d63caf0125c0','ace63fbe-bb7d-4549-b756-ca61ae6f3deb','a753521b-92a1-4ca5-ac8c-9f4740174982',NULL,'Topicshots','2024-04-15 20:46:04+02','2024-10-29 19:05:10+01',9841.14,70,36),
	 ('adda6d39-a4e1-49eb-9473-2b0daee8316d','64c5deb4-3a80-4a9f-a176-c2f296612ce6','91d773dc-b346-4b3a-ae1b-f82b71bc7263',NULL,'Fivespan','2023-04-20 03:18:02+02','2024-04-15 02:48:43+02',2576.59,70,23);
INSERT INTO public.flights (id,origin_id,destination_id,layover_id,airline_name,departure_date,arrival_date,distance,max_capacity,actual_capacity) VALUES
	 ('e923bd7f-aab0-4e08-9c81-b2f1e4c7d08c','28a12ff0-4a1e-46e1-9b14-81300feb96ec','1d875dc1-10bf-4c05-9cfe-ff048249e756',NULL,'Rhynoodle','2024-12-04 03:27:50+01','2024-04-18 02:07:37+02',4498.67,70,53),
	 ('edc06d50-02db-45ac-937c-3810379a70f2','7c1cb423-2971-4a5c-9816-78c6cad06412','61ba70b9-2cfc-449f-91b1-8a8197caa531',NULL,'Brainsphere','2024-02-19 16:02:16+01','2024-07-28 06:13:02+02',3182.5,70,31),
	 ('2924ab3f-bedd-4316-a6f6-d6bddc0c9b8c','c40d01db-e72e-4546-acb2-3678552ac7e6','e4889d92-16ff-4dec-a474-ba5a9667af87',NULL,'Tavu','2025-03-28 23:57:58+01','2024-01-27 09:37:06+01',9367.96,70,16),
	 ('5aaf60fe-1635-4ff2-97b2-7115d4edfaf5','66ea0cce-e561-4342-a651-1c382aa4a654','1d875dc1-10bf-4c05-9cfe-ff048249e756',NULL,'Wikibox','2024-05-26 12:51:20+02','2024-12-17 21:34:54+01',9098.97,70,43),
	 ('2e8d01d0-360a-4cf0-8b2a-1b5e6633b5c7','f5ea3ee6-ee72-4197-8abe-3b85d7cccef2','c3020e98-c08d-46a8-9d08-a248c045a4c1',NULL,'Jabbertype','2023-09-12 18:52:15+02','2023-10-03 23:28:51+02',5571.8,70,46),
	 ('ef818fa3-0f16-434a-aa29-ec36ceb77ccc','d90cdbb6-3bfa-4686-b95d-a7bfdf486209','a9607458-5bfb-452c-8461-6057bac280c5',NULL,'Vidoo','2023-12-16 21:59:00+01','2024-11-04 22:03:22+01',795.24,70,15),
	 ('1162b61e-4e19-40d1-bdff-e166fd814880','47620c21-3b33-4e03-b8a3-8f1704759867','942bb66a-c2fa-45b7-9c06-0b3651149b6a',NULL,'Youfeed','2024-01-27 20:20:44+01','2024-12-22 11:38:00+01',7770.11,70,39),
	 ('72f196ef-b7a5-4d1d-b6f6-bbb7cc7cbed0','47620c21-3b33-4e03-b8a3-8f1704759867','e673edf7-de2a-4549-b32d-a6e71df509f2',NULL,'Buzzbean','2024-05-11 00:07:25+02','2024-06-03 02:54:23+02',4826.12,70,19),
	 ('f67f71b4-7347-487c-a1a2-22e7530b83d3','5cf14a3d-ca5e-4df9-942a-3e1b55fde422','c3020e98-c08d-46a8-9d08-a248c045a4c1',NULL,'Skimia','2024-03-14 21:31:59+01','2024-03-28 02:19:40+01',9862.98,70,21),
	 ('5d1c5dc8-8413-481c-9038-4f50191bbbfc','97866abe-667f-4b43-99bf-b7fc264a468b','ea29c886-fe7c-4b18-9972-109e0a5c9b83',NULL,'Geba','2023-09-18 22:03:13+02','2024-05-11 17:13:59+02',9218.37,70,46);
INSERT INTO public.flights (id,origin_id,destination_id,layover_id,airline_name,departure_date,arrival_date,distance,max_capacity,actual_capacity) VALUES
	 ('cac82ad3-d2e1-4e12-b917-744c2b69b6ee','6cd3b2da-7ac3-4c1d-8555-72c2471b966d','abd70a4f-3f8c-4723-8933-5316ea7a7b86',NULL,'LiveZ','2023-12-15 07:03:47+01','2024-06-27 14:13:33+02',2606.43,70,20),
	 ('6af1a600-e85a-4c5d-ad36-44d0019a1e08','2a010c5e-e5e7-4f6e-a4ba-8cff9e0d931e','f7e1fbdf-269a-44b5-ac30-f63abac1711b',NULL,'Zazio','2023-09-14 04:25:42+02','2024-04-30 05:17:25+02',3737.84,70,31),
	 ('508644d2-d1bc-4cdb-b133-79dba5a3e7ca','f5ea3ee6-ee72-4197-8abe-3b85d7cccef2','a455c040-40d3-4be8-a53e-0490130d46a2',NULL,'Rhyzio','2024-10-27 01:16:49+02','2025-01-15 18:53:44+01',4225.44,70,53),
	 ('3db13c36-6b6f-48b3-925b-a769725cbc66','6f25862e-7df0-466b-9425-4462a9482429','b6c1aee4-b607-4916-8dc9-d0b069e54f7f',NULL,'Tazzy','2023-10-31 16:51:36+01','2024-12-14 03:12:58+01',9187.24,70,54),
	 ('119263f7-000c-4658-8902-6bbf3dd86112','832e0cad-2ba8-4eff-bebe-90a518b9a4ab','c40d01db-e72e-4546-acb2-3678552ac7e6',NULL,'Meevee','2024-05-11 20:22:07+02','2025-03-06 10:02:20+01',679.86,70,41),
	 ('b794f277-ec0c-4530-b6cb-dc971eb82982','66ea0cce-e561-4342-a651-1c382aa4a654','1f65c8f2-d4bd-4fba-b3f7-5c88a971ed2f',NULL,'Tagopia','2023-08-20 01:52:21+02','2024-01-12 08:49:57+01',344.78,70,15),
	 ('585c25c9-27c9-4d82-8857-3f371b4aeacf','a17a66c0-bf53-4103-88c9-a2246e73deda','47620c21-3b33-4e03-b8a3-8f1704759867',NULL,'Flipstorm','2024-04-18 16:16:39+02','2025-02-13 10:02:12+01',6965.12,70,64),
	 ('c5d841aa-f753-4fc4-83cf-26cffe80329e','61ba70b9-2cfc-449f-91b1-8a8197caa531','99a5ef8c-4ce7-411f-8ad9-bfd6a1b96d7d',NULL,'Thoughtblab','2024-10-21 10:14:23+02','2024-06-21 17:18:55+02',5399.7,70,36),
	 ('276378f4-d183-428d-aba5-2a49687381da','571a43dc-b184-4238-9250-4173249227f5','a9607458-5bfb-452c-8461-6057bac280c5',NULL,'Shuffletag','2023-02-08 17:54:32+01','2023-04-05 07:03:15+02',2393.06,70,56),
	 ('c5a5ce30-eb27-4dd6-9ba2-8df4792c7dc4','03a4420c-fe56-48c9-b0c8-cf5a78c5556f','832e0cad-2ba8-4eff-bebe-90a518b9a4ab',NULL,'Jazzy','2024-09-02 08:32:11+02','2024-12-12 05:53:32+01',1368.13,70,21);
INSERT INTO public.flights (id,origin_id,destination_id,layover_id,airline_name,departure_date,arrival_date,distance,max_capacity,actual_capacity) VALUES
	 ('9a3c6026-b9a9-4311-af35-6389efbc8634','88ad13c3-1760-4bf5-9588-b934535f0b53','edc05156-6034-406c-ac41-93e2259d801e',NULL,'Zoomzone','2025-02-14 18:46:21+01','2024-06-29 16:56:01+02',5678.36,70,10),
	 ('abf254d3-8ce3-40f1-8211-5bdda48b704c','2df0b812-a93e-4b39-bf48-d2db9b39441b','28a12ff0-4a1e-46e1-9b14-81300feb96ec',NULL,'Brainverse','2025-03-05 18:55:21+01','2025-03-02 17:10:10+01',9163.74,70,36),
	 ('81ff5a2c-57c2-4c3c-ba47-a4832551bfc7','88ad13c3-1760-4bf5-9588-b934535f0b53','1ca1694a-debe-4d8e-a9c1-d32eccb3fde7',NULL,'Livepath','2023-12-09 19:50:28+01','2024-11-27 04:30:16+01',6347.65,70,32),
	 ('8f83966b-3988-4f68-86af-5409c4547a14','5649fa52-acbc-48a2-a029-ac60f20c4da3','88ad13c3-1760-4bf5-9588-b934535f0b53',NULL,'Kwideo','2024-10-27 11:56:25+01','2024-02-23 15:42:40+01',7373.54,70,42),
	 ('d67e9ce7-44c6-4f15-a935-c7d35df6fb7a','2335b67a-34ab-43f2-9a5a-009462058ed2','04600001-2665-4aea-8e88-c34fac519f59',NULL,'Eamia','2023-09-01 15:17:05+02','2024-05-30 06:45:11+02',9047.98,70,50),
	 ('c08c23d4-bc0b-451c-98f5-2d7edf03dcab','13465445-fa9a-4c8e-adc7-659aac11da30','03a4420c-fe56-48c9-b0c8-cf5a78c5556f',NULL,'Meezzy','2023-09-29 13:18:51+02','2025-03-18 22:11:43+01',5461.99,70,19),
	 ('94d71a4b-e869-4af0-9a3d-25c9a62e48fa','e03b7382-4fac-486f-8014-c04137720f15','00343c05-da71-41c7-9d43-47db75f2a778',NULL,'Oozz','2023-01-01 23:58:13+01','2025-01-26 11:31:46+01',5698.8,70,26),
	 ('075910ce-43c3-4343-a0ca-38a1fd8bb89f','ace63fbe-bb7d-4549-b756-ca61ae6f3deb','80fd4878-504d-4ff1-a55d-ea249557df27',NULL,'Rhynyx','2023-03-13 10:33:21+01','2023-09-28 14:04:33+02',9358.71,70,23),
	 ('8fa4b0fd-edf2-47f6-83bc-e3af8604ab2a','95618502-6aa8-4bee-88d4-0aa837287a8f','a17a66c0-bf53-4103-88c9-a2246e73deda',NULL,'Bubblemix','2024-06-08 20:05:03+02','2025-02-21 04:43:25+01',6493.02,70,21),
	 ('8f78b0fa-27e2-408f-9cd5-c1350ce18673','68526b47-8c36-4a01-8998-a37a978ebabc','5649fa52-acbc-48a2-a029-ac60f20c4da3',NULL,'Thoughtblab','2023-05-20 16:15:34+02','2024-04-30 22:51:44+02',5488.16,70,67);
INSERT INTO public.flights (id,origin_id,destination_id,layover_id,airline_name,departure_date,arrival_date,distance,max_capacity,actual_capacity) VALUES
	 ('2aa2995e-0e92-4969-a46f-bc8a6796317b','61ba70b9-2cfc-449f-91b1-8a8197caa531','a8ab8d0e-812d-4192-a4c1-2365bb61c1ac',NULL,'Rhyzio','2024-10-09 18:38:12+02','2025-06-13 15:12:15+02',6484.33,70,42),
	 ('cc706490-b791-4a3a-b515-615253d06acf','7a780116-3e82-4fee-b717-44828a7d383d','e76ad9e4-8a88-400d-baae-ed09dacd044b',NULL,'Camimbo','2023-04-27 10:15:51+02','2023-07-01 05:27:20+02',9001.33,70,27),
	 ('d2f87285-5e39-4581-9e99-63495fdb0f3c','4845c46e-aa32-4bc3-b9a9-f326bce2fdf1','048c7ee4-ac0a-4c21-b9b5-776a279fd54a',NULL,'Jaxbean','2025-03-10 07:40:01+01','2025-05-17 01:49:38+02',4343.58,70,19),
	 ('3ac76ac8-1d69-46a8-aef6-e9d1cc95636e','61ba70b9-2cfc-449f-91b1-8a8197caa531','4a86dec0-6d74-4a6f-86f8-9e9e5e226578',NULL,'Flashspan','2025-03-08 06:57:12+01','2024-06-25 20:02:15+02',6150.13,70,56),
	 ('fda70e83-4d76-4b47-bf5f-ef294cbe75ed','00343c05-da71-41c7-9d43-47db75f2a778','7784641c-2345-4e04-a330-4409b227ddd2',NULL,'Edgetag','2024-05-04 01:14:32+02','2024-01-12 14:41:32+01',2346.43,70,62),
	 ('e7ded2e1-1f05-4769-89e0-b7691ec69c44','6b70a4b6-325a-4e15-9bbf-b1bdf6f6c55b','88ad13c3-1760-4bf5-9588-b934535f0b53',NULL,'Devpulse','2024-05-01 17:06:05+02','2024-04-08 13:38:40+02',2979.34,70,66),
	 ('7e7a25f9-6cab-48f5-a514-296833d091a5','fde49ef4-7453-4113-b772-6ffd24fc986f','8860b53e-604d-4003-aa63-5b26340e2e1f',NULL,'Jabberstorm','2024-12-12 11:03:34+01','2024-12-29 16:18:36+01',4796.61,70,16),
	 ('ae6696f6-d56b-4fd4-9798-a452624b70d0','a932ed9f-baf0-4bbb-83db-fdf2b99d17c2','747567f9-ec1e-4a51-8f40-069b04a51432',NULL,'Dabjam','2023-03-21 01:27:30+01','2024-10-04 16:22:56+02',2227.2,70,39),
	 ('07fd178b-1cd5-453f-b496-abf9a779dc73','64d08db0-a998-486a-b21d-3a498ba324cc','91d773dc-b346-4b3a-ae1b-f82b71bc7263',NULL,'Jaxspan','2023-05-20 10:53:35+02','2023-07-04 08:15:40+02',6529.05,70,37),
	 ('881b27d4-a8d9-4739-b258-fcadc5af733d','41a82d46-228a-4c26-bdfc-7d7bbd5a9e82','fde49ef4-7453-4113-b772-6ffd24fc986f',NULL,'Geba','2023-05-05 14:25:14+02','2024-08-15 23:05:19+02',6872.18,70,30);
INSERT INTO public.flights (id,origin_id,destination_id,layover_id,airline_name,departure_date,arrival_date,distance,max_capacity,actual_capacity) VALUES
	 ('5818dd96-ffbb-40b7-b2cc-bbe29d8074ea','28a12ff0-4a1e-46e1-9b14-81300feb96ec','61ba70b9-2cfc-449f-91b1-8a8197caa531',NULL,'Youfeed','2024-05-08 18:54:22+02','2025-02-10 10:00:28+01',4247.66,70,47),
	 ('e67ec038-5925-42c0-b2d2-672c01eb3cda','8abb4a02-2c4d-42fe-b811-a76851fab0e3','e76ad9e4-8a88-400d-baae-ed09dacd044b',NULL,'Bluezoom','2023-11-22 07:49:54+01','2024-06-07 22:35:24+02',6652.49,70,43),
	 ('3a872695-85ca-403d-b5f5-65cb0415d82b','5649fa52-acbc-48a2-a029-ac60f20c4da3','4845c46e-aa32-4bc3-b9a9-f326bce2fdf1',NULL,'Topiczoom','2023-03-03 22:07:27+01','2024-12-23 05:24:48+01',2212.75,70,69),
	 ('85d6b590-4af6-4b29-bf16-52d57ac57a57','05e2ccbb-4667-4f7e-bb0f-8133095b829b','1f65c8f2-d4bd-4fba-b3f7-5c88a971ed2f',NULL,'Latz','2025-01-24 03:24:58+01','2025-10-06 20:04:41+02',9811.78,70,49),
	 ('5051e65c-aa89-4f91-9289-f1603f36037c','80fd4878-504d-4ff1-a55d-ea249557df27','571a43dc-b184-4238-9250-4173249227f5',NULL,'Jabbersphere','2023-02-20 18:14:05+01','2024-06-03 20:48:04+02',3899.11,70,14),
	 ('9005725f-41aa-40ca-a331-cadac5d586d9','13465445-fa9a-4c8e-adc7-659aac11da30','e42b5ecf-9cf6-40f5-aeb9-1389870fcb9c',NULL,'Thoughtworks','2025-03-15 23:06:01+01','2024-03-03 03:41:40+01',6598.42,70,13),
	 ('db210ae1-bb7d-4bc8-bde5-8324ad87ea3a','2a010c5e-e5e7-4f6e-a4ba-8cff9e0d931e','06364503-1d63-4cdc-981a-0fddf9afbd47',NULL,'Edgeclub','2023-01-06 03:14:32+01','2025-03-01 21:06:22+01',6860.81,70,31),
	 ('9f0e1c61-3658-4402-a6a2-c1f802b9f892','e76ad9e4-8a88-400d-baae-ed09dacd044b','ce4bd31a-4895-4d2e-b0a4-97cb40d91275',NULL,'Zooveo','2023-02-03 18:42:40+01','2023-10-12 01:29:50+02',6956.78,70,21),
	 ('63792ebf-2c0c-49d0-bcdc-3263e8e5beab','f5ea3ee6-ee72-4197-8abe-3b85d7cccef2','1ca1694a-debe-4d8e-a9c1-d32eccb3fde7',NULL,'Tagpad','2024-03-06 04:19:32+01','2025-01-28 00:35:23+01',8292.49,70,62),
	 ('3817ae0e-a328-40f3-b9f1-680ee12daa45','abd70a4f-3f8c-4723-8933-5316ea7a7b86','5cf14a3d-ca5e-4df9-942a-3e1b55fde422',NULL,'Yakidoo','2023-02-18 09:27:23+01','2025-01-09 16:41:39+01',5436.56,70,38);
INSERT INTO public.flights (id,origin_id,destination_id,layover_id,airline_name,departure_date,arrival_date,distance,max_capacity,actual_capacity) VALUES
	 ('d830ecb7-6f28-4f50-bf47-1960470eb3cf','ce4bd31a-4895-4d2e-b0a4-97cb40d91275','47620c21-3b33-4e03-b8a3-8f1704759867',NULL,'Browseblab','2023-12-07 00:40:03+01','2024-08-09 17:41:18+02',9151.08,70,47),
	 ('66ec244b-7b5f-4ad7-93ae-8fa0eb94f746','e6953be4-256d-4e8d-bb1d-a5d56823320e','e03b7382-4fac-486f-8014-c04137720f15',NULL,'Jabbercube','2024-05-29 04:35:37+02','2024-11-08 23:20:39+01',498.19,70,10),
	 ('4278f02f-94a9-440c-9954-33a722189e5f','64c5deb4-3a80-4a9f-a176-c2f296612ce6','b6c1aee4-b607-4916-8dc9-d0b069e54f7f',NULL,'Youopia','2023-11-05 08:52:28+01','2024-12-02 07:47:16+01',6260.13,70,46),
	 ('392a7a33-a1ee-4fed-b4ba-ab51bc479917','61ba70b9-2cfc-449f-91b1-8a8197caa531','6b70a4b6-325a-4e15-9bbf-b1bdf6f6c55b',NULL,'Skaboo','2023-05-29 09:20:03+02','2025-03-06 18:31:33+01',3659.44,70,48),
	 ('61801301-ee1f-4ab3-b909-c59d087179cd','97866abe-667f-4b43-99bf-b7fc264a468b','97866abe-667f-4b43-99bf-b7fc264a468b',NULL,'Rhyloo','2024-08-12 02:13:52+02','2025-05-29 18:58:29+02',8746.24,70,58),
	 ('8ec257af-6e3e-470d-b0ed-b79874e57671','2335b67a-34ab-43f2-9a5a-009462058ed2','c20168ad-d17a-4e9e-b127-b360316bee23',NULL,'Muxo','2024-12-08 18:47:47+01','2025-06-27 18:23:21+02',7933.55,70,55),
	 ('3df97bf0-9991-48a5-a216-42d06f8447a7','4bf5a9d2-14c2-418d-91e3-7fd56c0d4af7','e673edf7-de2a-4549-b32d-a6e71df509f2',NULL,'Skajo','2023-08-11 03:58:14+02','2023-12-06 10:09:20+01',5224.44,70,69),
	 ('2e633e91-23e6-451f-b94f-f981087db12a','fa1f71e2-7584-4494-83f2-01791f1072e3','8860b53e-604d-4003-aa63-5b26340e2e1f',NULL,'Shufflebeat','2024-01-19 17:59:28+01','2024-07-09 16:54:38+02',4988.04,70,48),
	 ('17d7da91-06fc-4641-b3b5-45f6539d8987','e03b7382-4fac-486f-8014-c04137720f15','04600001-2665-4aea-8e88-c34fac519f59',NULL,'Innojam','2025-01-03 12:04:31+01','2024-05-02 18:48:31+02',4174.01,70,66),
	 ('61337f7f-4950-408c-a58a-6085ec083853','c3020e98-c08d-46a8-9d08-a248c045a4c1','05e2ccbb-4667-4f7e-bb0f-8133095b829b',NULL,'Livetube','2023-05-13 04:56:20+02','2024-02-12 00:53:03+01',7502.33,70,33);
INSERT INTO public.flights (id,origin_id,destination_id,layover_id,airline_name,departure_date,arrival_date,distance,max_capacity,actual_capacity) VALUES
	 ('3479d071-8037-4bd8-8979-d911fc0d0479','832e0cad-2ba8-4eff-bebe-90a518b9a4ab','e5ae1766-cb97-49bc-a12c-f62ecc31cac6',NULL,'Kwideo','2023-11-24 19:56:06+01','2023-12-03 20:09:11+01',2097.17,70,16),
	 ('e61f3b7d-a167-4d8f-bea3-41b037da38a8','04600001-2665-4aea-8e88-c34fac519f59','ace63fbe-bb7d-4549-b756-ca61ae6f3deb',NULL,'Twimbo','2023-02-21 01:38:40+01','2024-08-23 08:56:08+02',8601.83,70,36),
	 ('e045a396-b4fa-4fa5-b55d-4c8ad96f7cf8','47620c21-3b33-4e03-b8a3-8f1704759867','80fd4878-504d-4ff1-a55d-ea249557df27',NULL,'Browsezoom','2023-06-27 07:45:17+02','2023-12-27 09:21:31+01',6330.59,70,63),
	 ('b90b9f5c-cad7-45a2-85c0-f2bd499e5f2b','832e0cad-2ba8-4eff-bebe-90a518b9a4ab','a17a66c0-bf53-4103-88c9-a2246e73deda',NULL,'Zoovu','2023-08-23 01:01:30+02','2025-03-18 05:39:15+01',4514.9,70,38),
	 ('9d40896d-3d84-4adf-bd0c-288081590e36','832e0cad-2ba8-4eff-bebe-90a518b9a4ab','e673edf7-de2a-4549-b32d-a6e71df509f2',NULL,'Avamm','2025-02-03 09:04:19+01','2025-04-15 19:02:28+02',2608.89,70,40),
	 ('9b89654c-ef59-4762-956d-18a92a5e705c','88ad13c3-1760-4bf5-9588-b934535f0b53','0a8d350f-a740-43e5-aea9-3417b7e4a49f',NULL,'Mybuzz','2023-03-06 18:56:27+01','2024-08-14 02:38:03+02',6539.44,70,61),
	 ('6ff1680b-af00-4c8e-a349-96b63c2516ea','d90cdbb6-3bfa-4686-b95d-a7bfdf486209','41a82d46-228a-4c26-bdfc-7d7bbd5a9e82',NULL,'Quatz','2023-03-19 15:54:49+01','2025-01-25 17:04:26+01',394.58,70,52),
	 ('e6e33a11-56ae-4f72-af23-1dc7444339dc','24ebce0c-05b9-4857-a812-b099fd87e355','6c589f68-ee47-4512-b3bb-e3a608eee03b',NULL,'Feedbug','2023-12-31 13:17:24+01','2024-01-08 20:09:35+01',5153.66,70,20),
	 ('7baf54aa-e6f7-439a-8404-7c951b8b8fc2','7c1cb423-2971-4a5c-9816-78c6cad06412','a932ed9f-baf0-4bbb-83db-fdf2b99d17c2',NULL,'Meembee','2024-02-26 08:02:39+01','2024-08-12 13:47:27+02',1757.67,70,40),
	 ('eae16c7d-e00f-4f3f-a978-abfc6b827b79','91d773dc-b346-4b3a-ae1b-f82b71bc7263','7b4dc683-dc47-437d-a830-a9eeff6febbb',NULL,'Devpulse','2023-01-14 17:58:28+01','2023-10-05 17:47:35+02',7139.08,70,50);
INSERT INTO public.flights (id,origin_id,destination_id,layover_id,airline_name,departure_date,arrival_date,distance,max_capacity,actual_capacity) VALUES
	 ('0c71d6dd-6c5c-4a99-8068-10ba5d4b4756','e4889d92-16ff-4dec-a474-ba5a9667af87','048c7ee4-ac0a-4c21-b9b5-776a279fd54a',NULL,'Innotype','2023-01-22 06:01:21+01','2024-06-20 15:17:58+02',2419.33,70,70),
	 ('02b0797b-c42a-4326-9cf4-5e3f5bcb368d','a455c040-40d3-4be8-a53e-0490130d46a2','17831794-b536-42ce-aa50-8306971f2868',NULL,'Yacero','2023-09-13 10:45:28+02','2024-11-14 07:42:37+01',7889.8,70,65),
	 ('9bc5b9b2-6391-4622-8b1c-23983f4e2556','13d8f9b7-f8ee-40e5-b7f0-2dcb4e8540c2','e673edf7-de2a-4549-b32d-a6e71df509f2',NULL,'Photobean','2024-05-17 21:45:56+02','2025-02-19 07:19:10+01',6382.58,70,56),
	 ('f59af05b-a4c2-4997-90ea-cf9a127380dc','a753521b-92a1-4ca5-ac8c-9f4740174982','04600001-2665-4aea-8e88-c34fac519f59',NULL,'Zoombox','2023-10-06 22:05:18+02','2024-01-05 06:58:21+01',3433.12,70,31),
	 ('fa24ed3a-4b79-4eef-a6f5-544613df0c20','e5ae1766-cb97-49bc-a12c-f62ecc31cac6','a9607458-5bfb-452c-8461-6057bac280c5',NULL,'Babbleset','2023-04-21 23:44:48+02','2024-09-13 19:57:56+02',3027.53,70,48),
	 ('4cefa383-7ea1-4c2a-90b1-f6fef3a963d0','942bb66a-c2fa-45b7-9c06-0b3651149b6a','61ba70b9-2cfc-449f-91b1-8a8197caa531',NULL,'Katz','2024-02-14 12:33:30+01','2024-12-24 20:42:53+01',4851.68,70,56),
	 ('1904a1e2-25f3-41c4-b4b6-ae4f0f379832','13d8f9b7-f8ee-40e5-b7f0-2dcb4e8540c2','f5ea3ee6-ee72-4197-8abe-3b85d7cccef2',NULL,'Browsezoom','2024-08-09 10:05:46+02','2024-05-25 09:05:29+02',9255.07,70,69),
	 ('7c20afc7-a2bd-42d2-a651-b27e3da4685c','1ca1694a-debe-4d8e-a9c1-d32eccb3fde7','a17a66c0-bf53-4103-88c9-a2246e73deda',NULL,'Buzzbean','2023-09-19 06:14:08+02','2024-05-10 11:34:55+02',815.81,70,29),
	 ('d899bc24-dab4-4e47-8e68-4b1cb996be2a','88ad13c3-1760-4bf5-9588-b934535f0b53','c3020e98-c08d-46a8-9d08-a248c045a4c1',NULL,'Livetube','2023-06-24 10:07:30+02','2024-06-09 07:50:31+02',209.8,70,35),
	 ('7ec2c4e7-ead5-482c-b7ed-a7a710254950','e76ad9e4-8a88-400d-baae-ed09dacd044b','41a82d46-228a-4c26-bdfc-7d7bbd5a9e82',NULL,'Innotype','2024-02-03 21:25:10+01','2024-06-10 20:47:14+02',3183.28,70,65);
INSERT INTO public.flights (id,origin_id,destination_id,layover_id,airline_name,departure_date,arrival_date,distance,max_capacity,actual_capacity) VALUES
	 ('7d7bed9f-cc0b-48e2-88d5-81864e40177e','e673edf7-de2a-4549-b32d-a6e71df509f2','ea29c886-fe7c-4b18-9972-109e0a5c9b83',NULL,'Realcube','2024-03-16 04:45:00+01','2024-05-29 13:11:28+02',1152.91,70,44),
	 ('f6c77c8f-bd0b-4fe2-8989-bed60cecf317','a9607458-5bfb-452c-8461-6057bac280c5','e03b7382-4fac-486f-8014-c04137720f15',NULL,'Topiczoom','2023-01-18 23:20:08+01','2023-12-04 17:40:23+01',3960.05,70,18),
	 ('fa5a28e1-88aa-4cca-bf7a-60c32cd43745','4a86dec0-6d74-4a6f-86f8-9e9e5e226578','1f65c8f2-d4bd-4fba-b3f7-5c88a971ed2f',NULL,'Photobean','2023-05-21 04:30:41+02','2025-02-09 23:31:08+01',9654.28,70,35),
	 ('756847e6-4e85-46ab-9f1e-5c741ff018f7','e673edf7-de2a-4549-b32d-a6e71df509f2','68526b47-8c36-4a01-8998-a37a978ebabc',NULL,'Photojam','2023-10-08 18:22:03+02','2024-01-09 12:23:49+01',4813.33,70,61),
	 ('09289ee7-26af-434a-b8b8-c8a54ff2b8a4','41a82d46-228a-4c26-bdfc-7d7bbd5a9e82','ce6c436d-b568-461d-9b38-bd7f8b8843e9',NULL,'Vitz','2023-07-01 18:09:10+02','2024-08-02 03:23:16+02',3769.3,70,58),
	 ('db003a48-d3b8-4c41-8731-045f5b9ffb49','8a6417da-f0e8-4b5e-ad51-9dc22bcf0f81','b407d6b2-befe-4dcf-9ecd-a5c38da895b3',NULL,'Tagpad','2025-01-28 00:31:35+01','2024-06-18 22:45:18+02',7045.83,70,43),
	 ('a7ba3e12-2ac3-43df-91eb-d189424c46ff','e673edf7-de2a-4549-b32d-a6e71df509f2','493d59f8-018e-45e8-b1e3-b2609a2fe901',NULL,'Oodoo','2024-12-25 07:26:49+01','2025-07-08 11:42:55+02',6049.08,70,51),
	 ('a0d595dc-e42d-405d-83e5-f959a6acd31c','abd70a4f-3f8c-4723-8933-5316ea7a7b86','41a82d46-228a-4c26-bdfc-7d7bbd5a9e82',NULL,'Blogpad','2023-12-19 04:30:54+01','2024-03-29 02:44:26+01',8243.96,70,33),
	 ('0183360c-864c-4a53-a8ae-5e8afa8ba3c5','8574c399-c755-46cd-b915-9360c35ea8b4','f7e1fbdf-269a-44b5-ac30-f63abac1711b',NULL,'Katz','2024-08-17 02:28:58+02','2025-05-22 08:17:38+02',4533.56,70,61),
	 ('b9c27426-18af-49b7-99f2-0beab1e4bbe1','6c589f68-ee47-4512-b3bb-e3a608eee03b','fde49ef4-7453-4113-b772-6ffd24fc986f',NULL,'Mynte','2024-03-27 04:54:43+01','2024-06-01 12:56:25+02',7520.79,70,32);
INSERT INTO public.flights (id,origin_id,destination_id,layover_id,airline_name,departure_date,arrival_date,distance,max_capacity,actual_capacity) VALUES
	 ('090ee3e5-0f62-4355-a715-e9242e49fec9','41a82d46-228a-4c26-bdfc-7d7bbd5a9e82','03a4420c-fe56-48c9-b0c8-cf5a78c5556f',NULL,'Geba','2023-04-05 03:26:53+02','2023-08-03 17:49:19+02',9948.01,70,37),
	 ('35330b7e-c6ee-47d2-9a5e-a323a864de01','1d875dc1-10bf-4c05-9cfe-ff048249e756','fde49ef4-7453-4113-b772-6ffd24fc986f',NULL,'Twinder','2023-03-24 23:28:39+01','2024-08-16 06:59:31+02',6351.2,70,15),
	 ('87041746-f90b-4f6c-93d2-d39a236b0538','207242ca-1d75-4cc5-9ccd-dbabce1766e3','7b4dc683-dc47-437d-a830-a9eeff6febbb',NULL,'Babbleset','2024-09-17 12:38:34+02','2025-01-17 18:10:20+01',9434.78,70,29),
	 ('be107710-c17d-4d6c-8ce7-585881c426b0','04600001-2665-4aea-8e88-c34fac519f59','61ba70b9-2cfc-449f-91b1-8a8197caa531',NULL,'Quamba','2024-11-09 09:58:47+01','2025-03-03 04:40:23+01',2812.54,70,38),
	 ('bda1dd4b-d900-4562-b013-335b3612c74a','8ecd3a95-d065-4ddc-88d8-129ff49e2172','62bef1d2-8aea-4d43-bb11-0e853c4fe2b5',NULL,'Gigabox','2024-05-30 10:27:47+02','2024-11-03 07:11:59+01',6194.25,70,28),
	 ('440c9277-4a75-4fff-9247-4ce18cf6d355','d90cdbb6-3bfa-4686-b95d-a7bfdf486209','a17a66c0-bf53-4103-88c9-a2246e73deda',NULL,'JumpXS','2025-02-18 23:18:40+01','2024-08-24 14:51:46+02',3670.4,70,45),
	 ('0dc7f935-ffd9-4cfd-9108-484817b70eee','0a8d350f-a740-43e5-aea9-3417b7e4a49f','82bbbe6b-3e1e-4567-a71c-c43350259afb',NULL,'Twitterbeat','2024-03-28 04:19:13+01','2024-07-23 05:26:37+02',6847.43,70,51),
	 ('754d461e-0060-4207-9187-8574f0c49eab','8abb4a02-2c4d-42fe-b811-a76851fab0e3','7784641c-2345-4e04-a330-4409b227ddd2',NULL,'Innojam','2023-10-15 12:01:31+02','2024-02-17 05:05:57+01',978.86,70,31),
	 ('53cd5bb4-7c1f-4928-b1ea-0cbbb7d1ee51','68526b47-8c36-4a01-8998-a37a978ebabc','64c5deb4-3a80-4a9f-a176-c2f296612ce6',NULL,'Voonyx','2024-12-23 20:19:40+01','2024-12-22 14:44:56+01',2040.71,70,20),
	 ('7ef8af15-74ad-426d-8bd6-af81718c9283','8ecd3a95-d065-4ddc-88d8-129ff49e2172','918e6211-7a3a-4dcc-babf-8136d4202fb6',NULL,'Tagopia','2023-01-04 17:35:49+01','2023-06-09 06:18:38+02',9123.14,70,13);
INSERT INTO public.flights (id,origin_id,destination_id,layover_id,airline_name,departure_date,arrival_date,distance,max_capacity,actual_capacity) VALUES
	 ('2e95b73a-b742-49d7-b6b2-e2a3a72c8db1','a753521b-92a1-4ca5-ac8c-9f4740174982','97866abe-667f-4b43-99bf-b7fc264a468b',NULL,'Edgepulse','2024-09-22 15:39:26+02','2024-12-11 20:04:18+01',3318.38,70,14),
	 ('28e65169-b6e5-49ea-859d-bda7dd64e388','0a8d350f-a740-43e5-aea9-3417b7e4a49f','e5ae1766-cb97-49bc-a12c-f62ecc31cac6',NULL,'Voolia','2023-01-21 04:55:22+01','2024-04-18 03:34:04+02',5532.69,70,53),
	 ('f2192e38-08f3-4b78-81ba-7aece5b2943f','a8ab8d0e-812d-4192-a4c1-2365bb61c1ac','2df0b812-a93e-4b39-bf48-d2db9b39441b',NULL,'Photospace','2023-05-21 00:22:01+02','2024-03-18 12:51:24+01',2293.51,70,34),
	 ('87b192d9-37b0-4708-a38e-c3742791e2c9','1d875dc1-10bf-4c05-9cfe-ff048249e756','8860b53e-604d-4003-aa63-5b26340e2e1f',NULL,'Browseblab','2023-12-09 15:09:22+01','2023-12-19 05:25:25+01',7629.03,70,17),
	 ('a8da5705-9536-48bf-bba0-e1af696408fc','03a4420c-fe56-48c9-b0c8-cf5a78c5556f','ace63fbe-bb7d-4549-b756-ca61ae6f3deb',NULL,'Yata','2024-10-16 09:37:26+02','2025-03-05 13:06:46+01',9097.35,70,63),
	 ('b57e64a6-6de9-4a81-9290-41201b5aa250','a8ab8d0e-812d-4192-a4c1-2365bb61c1ac','b350f33b-dfa9-474f-8f21-edeb6f8fabdf',NULL,'Meembee','2023-04-03 19:53:33+02','2024-02-08 16:23:12+01',704.71,70,43),
	 ('9619d931-8249-4de4-8d73-5bdc4b309905','24ebce0c-05b9-4857-a812-b099fd87e355','82bbbe6b-3e1e-4567-a71c-c43350259afb',NULL,'Aibox','2025-02-05 01:05:27+01','2024-12-06 17:56:01+01',6542.9,70,36),
	 ('31865803-7548-4b1a-9c87-25061b843f95','80fd4878-504d-4ff1-a55d-ea249557df27','a8ab8d0e-812d-4192-a4c1-2365bb61c1ac',NULL,'Tazzy','2024-08-09 20:10:01+02','2025-01-24 09:06:48+01',5594.27,70,40),
	 ('35f51d03-e54b-403e-a5a3-13ea04ca98a1','ea29c886-fe7c-4b18-9972-109e0a5c9b83','5649fa52-acbc-48a2-a029-ac60f20c4da3',NULL,'Demizz','2023-06-16 18:52:42+02','2023-12-15 20:29:00+01',9280.46,70,31),
	 ('7132b331-2969-45b2-b410-1c7862836f1e','64c5deb4-3a80-4a9f-a176-c2f296612ce6','99a5ef8c-4ce7-411f-8ad9-bfd6a1b96d7d',NULL,'Brainlounge','2023-04-14 21:37:44+02','2024-10-03 18:13:44+02',6916.68,70,36);
INSERT INTO public.flights (id,origin_id,destination_id,layover_id,airline_name,departure_date,arrival_date,distance,max_capacity,actual_capacity) VALUES
	 ('a983ae3a-add3-4cac-adc0-c576cd66b662','c55d98e1-af2d-4fbb-82f4-08c9c44875ed','c55d98e1-af2d-4fbb-82f4-08c9c44875ed',NULL,'Dynabox','2024-07-23 05:50:51+02','2024-07-23 20:59:08+02',1299.69,70,57),
	 ('ef814858-6e0e-4249-a142-407d5d970c25','0a8d350f-a740-43e5-aea9-3417b7e4a49f','ace63fbe-bb7d-4549-b756-ca61ae6f3deb',NULL,'Jabbertype','2024-02-29 11:41:37+01','2024-11-09 01:54:47+01',7836.5,70,38),
	 ('4a503f25-d3c7-47d0-8e4b-697ef698bc2e','493d59f8-018e-45e8-b1e3-b2609a2fe901','47620c21-3b33-4e03-b8a3-8f1704759867',NULL,'Dazzlesphere','2024-05-18 08:14:35+02','2025-02-17 05:00:15+01',2839.54,70,70),
	 ('5448d266-79bf-4a3e-b104-82a3e6cded6a','918e6211-7a3a-4dcc-babf-8136d4202fb6','7784641c-2345-4e04-a330-4409b227ddd2',NULL,'Mynte','2024-07-17 12:12:24+02','2024-06-01 01:42:15+02',1979.77,70,31),
	 ('6befafd9-f06d-4fff-af02-5e865fa6c06d','f5ea3ee6-ee72-4197-8abe-3b85d7cccef2','493d59f8-018e-45e8-b1e3-b2609a2fe901',NULL,'Skinder','2023-08-29 10:17:35+02','2024-08-29 13:37:30+02',3785.67,70,45),
	 ('84cd3ec3-e1d2-4f5a-9de7-addf1dfcbdcd','05e2ccbb-4667-4f7e-bb0f-8133095b829b','ace63fbe-bb7d-4549-b756-ca61ae6f3deb',NULL,'Trudoo','2023-12-30 21:47:31+01','2024-12-04 18:16:27+01',9764.38,70,64),
	 ('d5ebe035-e16b-4b36-a7f9-409e06dde944','80fd4878-504d-4ff1-a55d-ea249557df27','fde49ef4-7453-4113-b772-6ffd24fc986f',NULL,'Gevee','2023-06-24 00:37:17+02','2024-10-08 10:09:41+02',1332.25,70,64),
	 ('eba8ce63-037b-4490-bae5-dd510062d99e','fa1f71e2-7584-4494-83f2-01791f1072e3','24ebce0c-05b9-4857-a812-b099fd87e355',NULL,'Jayo','2024-07-02 05:41:58+02','2025-02-09 01:05:10+01',4984.31,70,40),
	 ('d5eb236b-9fa4-4b4a-a6e7-166ae28b872f','20740a43-9f93-4c80-b57b-5385a881bc9f','04600001-2665-4aea-8e88-c34fac519f59',NULL,'Quimba','2024-07-17 23:46:08+02','2024-08-23 14:29:22+02',4596.07,70,62),
	 ('f8030909-7855-440b-93ca-f71c5b331b40','fa1f71e2-7584-4494-83f2-01791f1072e3','1ca1694a-debe-4d8e-a9c1-d32eccb3fde7',NULL,'Riffwire','2023-06-21 15:38:44+02','2024-11-17 11:39:53+01',8008.6,70,15);
INSERT INTO public.flights (id,origin_id,destination_id,layover_id,airline_name,departure_date,arrival_date,distance,max_capacity,actual_capacity) VALUES
	 ('373b17e9-37a5-4f26-abad-89d72aa2292b','b6c1aee4-b607-4916-8dc9-d0b069e54f7f','ace63fbe-bb7d-4549-b756-ca61ae6f3deb',NULL,'Voolia','2023-04-28 13:07:08+02','2025-01-31 14:51:30+01',6578.71,70,15),
	 ('004afdc5-28b7-4644-83de-2be4688ff5f7','a753521b-92a1-4ca5-ac8c-9f4740174982','5649fa52-acbc-48a2-a029-ac60f20c4da3',NULL,'Oyoloo','2023-05-12 01:18:10+02','2024-12-18 18:17:06+01',3710.76,70,38),
	 ('cbb63c8d-b455-4bce-9a75-0b43b8de1cf4','e497ff41-d197-47f6-889c-471535571ddb','5649fa52-acbc-48a2-a029-ac60f20c4da3',NULL,'Katz','2024-05-28 16:44:49+02','2024-08-29 17:55:57+02',1790.65,70,17),
	 ('850527bd-57d0-4e55-a10a-eb07895e77a1','03a4420c-fe56-48c9-b0c8-cf5a78c5556f','520dbc96-f562-4d4e-86a0-f4306485fbd9',NULL,'Devpulse','2024-12-11 02:35:02+01','2024-10-16 20:20:49+02',733.31,70,10),
	 ('1d4e0919-79e6-499a-87d2-cb2b3b35d456','942bb66a-c2fa-45b7-9c06-0b3651149b6a','13465445-fa9a-4c8e-adc7-659aac11da30',NULL,'Dynabox','2023-02-05 08:32:54+01','2023-12-28 16:39:01+01',7541.52,70,29),
	 ('ad52d75c-7abc-4927-bbec-2830af50800a','8ecd3a95-d065-4ddc-88d8-129ff49e2172','80fd4878-504d-4ff1-a55d-ea249557df27',NULL,'Trunyx','2024-10-29 15:13:03+01','2024-01-12 07:33:14+01',6354.1,70,19),
	 ('fa404c01-da7d-4a06-a614-af6df3c06f6b','571a43dc-b184-4238-9250-4173249227f5','04600001-2665-4aea-8e88-c34fac519f59',NULL,'Jaxspan','2023-11-26 08:25:32+01','2024-07-22 12:38:11+02',7454.6,70,55),
	 ('8dbd9297-1010-4aaa-b1d8-c3abb8d539f3','00343c05-da71-41c7-9d43-47db75f2a778','95618502-6aa8-4bee-88d4-0aa837287a8f',NULL,'Jabbersphere','2024-12-31 20:26:49+01','2024-09-12 02:00:42+02',1889.38,70,43),
	 ('e4d61151-3949-4e0a-a573-0481c1b079f7','03a4420c-fe56-48c9-b0c8-cf5a78c5556f','0a8d350f-a740-43e5-aea9-3417b7e4a49f',NULL,'Zoomzone','2023-04-13 19:30:58+02','2023-07-02 22:37:27+02',2773.68,70,59),
	 ('92f03984-0c33-4462-87f4-6e235da0b18a','91d773dc-b346-4b3a-ae1b-f82b71bc7263','f7e1fbdf-269a-44b5-ac30-f63abac1711b',NULL,'Skipfire','2023-01-07 00:24:10+01','2023-11-11 07:22:23+01',2029.49,70,22);
INSERT INTO public.flights (id,origin_id,destination_id,layover_id,airline_name,departure_date,arrival_date,distance,max_capacity,actual_capacity) VALUES
	 ('a11f62ad-ea1f-4515-b077-83ace5324335','e6953be4-256d-4e8d-bb1d-a5d56823320e','e03b7382-4fac-486f-8014-c04137720f15',NULL,'Avavee','2023-03-05 22:35:10+01','2024-07-26 20:19:30+02',8426.49,70,34),
	 ('a438ecc4-ec74-4810-9e4d-ce7e4f189f27','fa1f71e2-7584-4494-83f2-01791f1072e3','92443c34-07e7-4cef-9af3-fac32d75b06b',NULL,'Realblab','2023-05-17 17:58:33+02','2025-02-15 03:06:04+01',4056.45,70,15),
	 ('d66f9ad5-f573-4d1c-bb7e-25673d3a7cae','7a780116-3e82-4fee-b717-44828a7d383d','8ecd3a95-d065-4ddc-88d8-129ff49e2172',NULL,'Snaptags','2023-12-06 22:50:13+01','2024-08-11 03:16:54+02',9394.08,70,67),
	 ('39064f04-3834-4bb5-a092-52d340643a81','6c589f68-ee47-4512-b3bb-e3a608eee03b','1d875dc1-10bf-4c05-9cfe-ff048249e756',NULL,'Babbleblab','2025-02-23 18:20:26+01','2024-12-09 13:48:49+01',744.9,70,18),
	 ('eefb090d-6228-474b-991a-15569ea3e010','88ad13c3-1760-4bf5-9588-b934535f0b53','82bbbe6b-3e1e-4567-a71c-c43350259afb',NULL,'Mita','2024-04-03 04:50:20+02','2024-12-19 23:19:22+01',6504.04,70,38),
	 ('ac27a86b-4776-468a-a1da-05fcf6a0802a','f7e1fbdf-269a-44b5-ac30-f63abac1711b','a8ab8d0e-812d-4192-a4c1-2365bb61c1ac',NULL,'Twimbo','2024-06-22 23:24:33+02','2025-06-03 22:24:48+02',5171.14,70,65),
	 ('091a2dcc-b523-443e-ba12-fc1eedb37a90','e03b7382-4fac-486f-8014-c04137720f15','5cf14a3d-ca5e-4df9-942a-3e1b55fde422',NULL,'Agimba','2023-04-18 07:35:42+02','2024-03-21 20:11:56+01',7896.31,70,21),
	 ('c75a708b-d0dd-4881-83b2-cc61b09abaee','e673edf7-de2a-4549-b32d-a6e71df509f2','0a8d350f-a740-43e5-aea9-3417b7e4a49f',NULL,'Agivu','2025-03-04 04:33:19+01','2024-01-21 05:05:57+01',2085.78,70,35),
	 ('0736b41e-ffdb-4fde-9095-eb35bd60634d','c40d01db-e72e-4546-acb2-3678552ac7e6','d90cdbb6-3bfa-4686-b95d-a7bfdf486209',NULL,'Shuffletag','2024-03-05 03:04:00+01','2024-12-04 01:59:52+01',607.5,70,10),
	 ('0cfd2433-af0b-48e5-8f4b-331c3f28cf7d','6c589f68-ee47-4512-b3bb-e3a608eee03b','a932ed9f-baf0-4bbb-83db-fdf2b99d17c2',NULL,'Vimbo','2024-12-17 18:28:29+01','2025-02-22 00:00:40+01',2039.56,70,24);
INSERT INTO public.flights (id,origin_id,destination_id,layover_id,airline_name,departure_date,arrival_date,distance,max_capacity,actual_capacity) VALUES
	 ('2f760eba-546e-4ab6-b03d-f1efc57c55c2','ce4bd31a-4895-4d2e-b0a4-97cb40d91275','2d02219f-ac9a-4a68-a0c3-30e5be4aca8a',NULL,'Kare','2023-07-25 18:54:56+02','2024-06-18 12:48:19+02',4795.15,70,40),
	 ('41edc6fa-d31e-4dfc-aaf3-cbae28be7813','b6c1aee4-b607-4916-8dc9-d0b069e54f7f','4845c46e-aa32-4bc3-b9a9-f326bce2fdf1',NULL,'Divavu','2024-11-27 21:26:24+01','2025-03-22 17:05:16+01',1343.57,70,61),
	 ('36d97fe8-7cd2-431e-a93d-b7fc3d478369','1f65c8f2-d4bd-4fba-b3f7-5c88a971ed2f','c55d98e1-af2d-4fbb-82f4-08c9c44875ed',NULL,'Twiyo','2024-01-11 17:34:46+01','2024-01-21 15:15:42+01',4031.38,70,31),
	 ('9935e480-e21a-4151-88fb-889958fc60e2','41a82d46-228a-4c26-bdfc-7d7bbd5a9e82','ace63fbe-bb7d-4549-b756-ca61ae6f3deb',NULL,'Miboo','2024-12-06 14:23:33+01','2025-02-20 02:26:53+01',1182.64,70,23),
	 ('f8b0fef3-2dc5-4d75-87c4-1a08bd9d2781','5cf14a3d-ca5e-4df9-942a-3e1b55fde422','b407d6b2-befe-4dcf-9ecd-a5c38da895b3',NULL,'Geba','2023-11-16 19:03:59+01','2024-09-04 18:49:23+02',8435.06,70,53),
	 ('b5091a7a-3592-4760-98c5-913a8d5679eb','ea29c886-fe7c-4b18-9972-109e0a5c9b83','8574c399-c755-46cd-b915-9360c35ea8b4',NULL,'Abatz','2024-06-24 03:17:33+02','2024-01-26 12:37:26+01',2529.48,70,36),
	 ('5a87bed2-fa9b-402c-a3a8-6a66ae5bd758','03a4420c-fe56-48c9-b0c8-cf5a78c5556f','e03b7382-4fac-486f-8014-c04137720f15',NULL,'Omba','2023-07-19 05:52:22+02','2024-08-18 10:48:31+02',4899.34,70,51),
	 ('23410975-92ca-4b30-97bb-131fa9077689','493d59f8-018e-45e8-b1e3-b2609a2fe901','832e0cad-2ba8-4eff-bebe-90a518b9a4ab',NULL,'Eadel','2024-09-21 07:26:02+02','2024-09-28 02:54:22+02',1352.83,70,28),
	 ('13ac8ad4-c62f-47ae-854a-75e7ec52d917','5649fa52-acbc-48a2-a029-ac60f20c4da3','a753521b-92a1-4ca5-ac8c-9f4740174982',NULL,'Mycat','2023-04-04 17:33:22+02','2025-02-18 19:35:46+01',5392.89,70,37),
	 ('427d8f08-d55b-42da-9bd8-c64811ba0efc','e42b5ecf-9cf6-40f5-aeb9-1389870fcb9c','493d59f8-018e-45e8-b1e3-b2609a2fe901',NULL,'Yata','2024-10-05 06:00:14+02','2025-06-21 23:06:36+02',3843.56,70,40);
INSERT INTO public.flights (id,origin_id,destination_id,layover_id,airline_name,departure_date,arrival_date,distance,max_capacity,actual_capacity) VALUES
	 ('e42655b8-70b9-4862-a62f-6786ccdfe198','0a8d350f-a740-43e5-aea9-3417b7e4a49f','7b4dc683-dc47-437d-a830-a9eeff6febbb',NULL,'Wikido','2024-11-06 05:15:44+01','2025-01-12 01:22:55+01',4506.3,70,12),
	 ('11c4b8d5-b78a-43b5-b2b5-6170a645732c','cd7ff342-18a5-4d9b-bb82-b6060436fc18','7c1cb423-2971-4a5c-9816-78c6cad06412',NULL,'Divanoodle','2024-12-02 09:01:24+01','2024-07-01 11:30:08+02',6811.45,70,60),
	 ('6c5d911e-c7d1-4ec7-a5d4-70b3e856f53d','7784641c-2345-4e04-a330-4409b227ddd2','a753521b-92a1-4ca5-ac8c-9f4740174982',NULL,'Kwinu','2024-11-22 02:59:03+01','2025-01-17 13:05:07+01',4483.48,70,52),
	 ('84bd9023-d332-4206-99d3-b65c9f540ef4','5649fa52-acbc-48a2-a029-ac60f20c4da3','62bef1d2-8aea-4d43-bb11-0e853c4fe2b5',NULL,'Yadel','2023-03-13 01:13:31+01','2024-03-12 04:21:06+01',9149.65,70,64),
	 ('4ecba268-9315-4097-9ac1-ac7560e5a0a2','91d773dc-b346-4b3a-ae1b-f82b71bc7263','88ad13c3-1760-4bf5-9588-b934535f0b53',NULL,'Topicshots','2024-09-20 02:26:36+02','2025-02-27 18:44:15+01',1171.17,70,32),
	 ('ed0066d5-6465-49f0-8f12-6dc974520eab','6b70a4b6-325a-4e15-9bbf-b1bdf6f6c55b','8ecd3a95-d065-4ddc-88d8-129ff49e2172',NULL,'Wordpedia','2023-04-13 18:12:12+02','2023-12-12 11:35:10+01',8138.32,70,46),
	 ('5551bd97-8d02-4ec6-be0b-33b760dbba60','5649fa52-acbc-48a2-a029-ac60f20c4da3','747567f9-ec1e-4a51-8f40-069b04a51432',NULL,'Topicstorm','2024-08-11 16:34:58+02','2024-06-10 21:36:33+02',1592.54,70,32),
	 ('4a42f000-cd65-45f3-b23e-8af3c9c83fd3','62bef1d2-8aea-4d43-bb11-0e853c4fe2b5','747567f9-ec1e-4a51-8f40-069b04a51432',NULL,'Dabjam','2024-09-06 08:00:05+02','2024-08-17 11:05:29+02',2706.85,70,54),
	 ('bf6321dc-6cb9-499d-8bad-58f1d46a8e77','99a5ef8c-4ce7-411f-8ad9-bfd6a1b96d7d','fde49ef4-7453-4113-b772-6ffd24fc986f',NULL,'Gigaclub','2023-10-28 11:39:55+02','2024-10-02 22:52:13+02',2427.41,70,67),
	 ('0ce25924-40d3-4f5a-b011-4261cc2bd4b0','5cf14a3d-ca5e-4df9-942a-3e1b55fde422','c55d98e1-af2d-4fbb-82f4-08c9c44875ed',NULL,'Yombu','2023-05-18 07:02:08+02','2024-11-24 08:38:06+01',8256.26,70,32);
INSERT INTO public.flights (id,origin_id,destination_id,layover_id,airline_name,departure_date,arrival_date,distance,max_capacity,actual_capacity) VALUES
	 ('362256de-320a-4a7c-a00f-b3d22cbb38c1','00343c05-da71-41c7-9d43-47db75f2a778','ce4bd31a-4895-4d2e-b0a4-97cb40d91275',NULL,'Tambee','2024-06-08 04:23:06+02','2024-09-10 00:02:23+02',9532.69,70,26),
	 ('e7bcdb1f-df94-4d2c-a243-dad85f232d28','2335b67a-34ab-43f2-9a5a-009462058ed2','95618502-6aa8-4bee-88d4-0aa837287a8f',NULL,'Eadel','2024-03-23 21:27:48+01','2024-04-03 04:35:55+02',1012.81,70,60),
	 ('103aa84d-d57d-4253-8d7f-5eb7af713d2a','05e2ccbb-4667-4f7e-bb0f-8133095b829b','edc05156-6034-406c-ac41-93e2259d801e',NULL,'Livefish','2023-07-04 22:42:32+02','2023-12-01 07:00:23+01',2059.78,70,16),
	 ('5ba4e34f-25f3-44a5-a67f-1c26e0afcf28','747567f9-ec1e-4a51-8f40-069b04a51432','cd7ff342-18a5-4d9b-bb82-b6060436fc18',NULL,'Bubblebox','2025-03-25 20:42:09+01','2026-02-17 16:01:48+01',5735.84,70,61),
	 ('7d7287b8-16f5-48b2-be28-dda7a3603750','82bbbe6b-3e1e-4567-a71c-c43350259afb','e42b5ecf-9cf6-40f5-aeb9-1389870fcb9c',NULL,'Wikizz','2024-01-22 04:48:13+01','2024-05-24 07:55:22+02',1349.48,70,63),
	 ('d34e225f-faac-418d-acfb-733b1284e310','28a12ff0-4a1e-46e1-9b14-81300feb96ec','a455c040-40d3-4be8-a53e-0490130d46a2',NULL,'Avaveo','2023-01-03 16:16:14+01','2023-12-04 07:27:52+01',6697.6,70,67),
	 ('2814e866-f389-4d77-8707-6b84cc1bb9a4','b407d6b2-befe-4dcf-9ecd-a5c38da895b3','91d773dc-b346-4b3a-ae1b-f82b71bc7263',NULL,'Skipstorm','2024-01-18 23:35:12+01','2024-07-05 08:05:00+02',8767.89,70,23),
	 ('0be430f7-ee1b-411d-ba5e-4d4975aa7b11','5649fa52-acbc-48a2-a029-ac60f20c4da3','b350f33b-dfa9-474f-8f21-edeb6f8fabdf',NULL,'JumpXS','2024-11-02 22:10:04+01','2025-01-21 10:04:15+01',7811.06,70,31),
	 ('7c8e353a-1784-421b-b2e2-94a00fede97e','2e8dc4c9-0c72-4e7f-b0e6-480767ef279e','c20168ad-d17a-4e9e-b127-b360316bee23',NULL,'Ntags','2024-04-24 06:53:59+02','2024-07-31 20:33:05+02',7113.17,70,68),
	 ('a5091304-2a4d-430f-9e19-3853915211a4','17831794-b536-42ce-aa50-8306971f2868','6c589f68-ee47-4512-b3bb-e3a608eee03b',NULL,'Twitterbridge','2023-05-29 02:31:50+02','2025-01-02 19:41:15+01',8170.67,70,62);
INSERT INTO public.flights (id,origin_id,destination_id,layover_id,airline_name,departure_date,arrival_date,distance,max_capacity,actual_capacity) VALUES
	 ('cd393e6f-86ee-4177-b5ef-7e50c5114632','e03b7382-4fac-486f-8014-c04137720f15','a753521b-92a1-4ca5-ac8c-9f4740174982',NULL,'Riffpedia','2024-05-09 04:16:53+02','2024-02-14 12:43:40+01',6648.97,70,57),
	 ('83be37a6-2266-487b-8ea0-ad6753bbd1a5','13d8f9b7-f8ee-40e5-b7f0-2dcb4e8540c2','80fd4878-504d-4ff1-a55d-ea249557df27',NULL,'Dynava','2023-10-23 14:42:27+02','2024-11-05 16:45:19+01',1226.99,70,10),
	 ('3c1a82e7-ccfd-4716-afe4-f12ce9f8d691','3d6e42e2-972a-456f-b582-146b64896f92','0a8d350f-a740-43e5-aea9-3417b7e4a49f',NULL,'Zoonder','2024-12-27 11:22:50+01','2025-01-13 09:13:59+01',6548.33,70,20),
	 ('3bae8d6a-f420-4f5b-ba2e-499abdff529f','7b4dc683-dc47-437d-a830-a9eeff6febbb','28a12ff0-4a1e-46e1-9b14-81300feb96ec',NULL,'Thoughtblab','2024-06-16 15:54:58+02','2024-09-06 23:36:39+02',5477.77,70,15),
	 ('45ed70ce-54b3-40b2-bfd7-50d0e20fcc69','747567f9-ec1e-4a51-8f40-069b04a51432','520dbc96-f562-4d4e-86a0-f4306485fbd9',NULL,'Feedbug','2023-05-02 20:02:44+02','2024-03-16 02:09:38+01',8914.32,70,28),
	 ('72540bf8-dfdf-456b-9595-24ea275f50ef','ce4bd31a-4895-4d2e-b0a4-97cb40d91275','e673edf7-de2a-4549-b32d-a6e71df509f2',NULL,'Yozio','2023-03-22 09:50:57+01','2024-03-10 15:50:51+01',3332.78,70,42),
	 ('3ed87905-d6eb-4709-99a0-d2a2510f90f5','05e2ccbb-4667-4f7e-bb0f-8133095b829b','61ba70b9-2cfc-449f-91b1-8a8197caa531',NULL,'Jaxnation','2024-11-14 22:56:23+01','2024-03-03 17:44:25+01',2130.37,70,14),
	 ('02686629-ea0b-4cd3-8f6c-672ecd517c39','6cd3b2da-7ac3-4c1d-8555-72c2471b966d','048c7ee4-ac0a-4c21-b9b5-776a279fd54a',NULL,'Linkbridge','2023-07-13 19:45:00+02','2025-03-24 01:03:19+01',4179.22,70,62),
	 ('0344254c-5dae-4f08-ae46-e6f882fa5498','3d6e42e2-972a-456f-b582-146b64896f92','5cf14a3d-ca5e-4df9-942a-3e1b55fde422',NULL,'Twitterworks','2024-10-24 02:04:59+02','2025-03-30 22:50:12+02',8957.7,70,48),
	 ('ddde271c-aa70-49df-9970-15ce276c5f00','6cd3b2da-7ac3-4c1d-8555-72c2471b966d','cd7ff342-18a5-4d9b-bb82-b6060436fc18',NULL,'Cogibox','2024-11-23 00:48:59+01','2024-01-03 01:55:18+01',215.28,70,25);
INSERT INTO public.flights (id,origin_id,destination_id,layover_id,airline_name,departure_date,arrival_date,distance,max_capacity,actual_capacity) VALUES
	 ('78913298-5f2c-4df0-8725-82217ec26048','41a82d46-228a-4c26-bdfc-7d7bbd5a9e82','64c5deb4-3a80-4a9f-a176-c2f296612ce6',NULL,'Realcube','2023-05-02 16:31:32+02','2024-08-08 18:02:06+02',4995.06,70,50),
	 ('9a8d6e7a-906c-4404-b421-6feb615c2ad7','918e6211-7a3a-4dcc-babf-8136d4202fb6','2e8dc4c9-0c72-4e7f-b0e6-480767ef279e',NULL,'Realblab','2025-03-05 06:50:13+01','2024-08-01 09:27:16+02',5078.78,70,52),
	 ('48ca13ca-2eeb-48bf-a790-e866be25a813','4845c46e-aa32-4bc3-b9a9-f326bce2fdf1','ce6c436d-b568-461d-9b38-bd7f8b8843e9',NULL,'LiveZ','2024-04-19 20:35:24+02','2025-03-13 04:02:11+01',5546.29,70,10),
	 ('5fb3e824-376f-482e-9d4d-164d17c853c5','c3020e98-c08d-46a8-9d08-a248c045a4c1','a455c040-40d3-4be8-a53e-0490130d46a2',NULL,'Topdrive','2023-06-07 23:32:43+02','2024-06-29 06:10:03+02',5433.94,70,21),
	 ('499e8ccd-1293-4e61-a525-e7d91daaa658','b350f33b-dfa9-474f-8f21-edeb6f8fabdf','a8ab8d0e-812d-4192-a4c1-2365bb61c1ac',NULL,'Minyx','2024-01-01 21:18:40+01','2024-02-23 09:41:49+01',2276.57,70,40),
	 ('c360fc73-e3e9-4df6-b3aa-18f11592f293','048c7ee4-ac0a-4c21-b9b5-776a279fd54a','6f25862e-7df0-466b-9425-4462a9482429',NULL,'Youbridge','2025-01-07 07:34:12+01','2024-01-15 11:54:19+01',9937.23,70,54),
	 ('971ec2f8-027c-4d75-96c2-9e08a0ce00b1','91d773dc-b346-4b3a-ae1b-f82b71bc7263','6cd3b2da-7ac3-4c1d-8555-72c2471b966d',NULL,'Kwinu','2024-06-09 01:45:03+02','2024-06-29 12:42:56+02',8140.97,70,39),
	 ('76ddaf07-66fb-4474-8852-586b5d8a202c','7c1cb423-2971-4a5c-9816-78c6cad06412','06364503-1d63-4cdc-981a-0fddf9afbd47',NULL,'Rhybox','2024-03-02 03:10:42+01','2024-04-24 06:27:23+02',9438.16,70,35),
	 ('82cfbdca-745f-4db4-86ac-4255fc3287d1','2d02219f-ac9a-4a68-a0c3-30e5be4aca8a','4a86dec0-6d74-4a6f-86f8-9e9e5e226578',NULL,'Zoovu','2024-08-07 16:47:01+02','2024-11-17 17:47:40+01',814.48,70,35),
	 ('eb252cb8-df9a-4569-93b5-48dc86f2c966','ce4bd31a-4895-4d2e-b0a4-97cb40d91275','8ecd3a95-d065-4ddc-88d8-129ff49e2172',NULL,'Vipe','2023-10-31 18:17:52+01','2024-10-23 15:22:14+02',9937.31,70,54);
INSERT INTO public.flights (id,origin_id,destination_id,layover_id,airline_name,departure_date,arrival_date,distance,max_capacity,actual_capacity) VALUES
	 ('cd17cac6-cd11-4688-bcd3-3f271fc7ea8d','4bf5a9d2-14c2-418d-91e3-7fd56c0d4af7','2d02219f-ac9a-4a68-a0c3-30e5be4aca8a',NULL,'Yakitri','2023-01-16 13:12:31+01','2023-12-16 12:13:11+01',2498.33,70,64),
	 ('7706f22b-c9e7-4fa4-b76c-897c2267e8d4','6cd3b2da-7ac3-4c1d-8555-72c2471b966d','53a2a9f3-3124-4682-9215-b14a4473747d',NULL,'Kazu','2023-03-21 18:51:44+01','2023-07-27 02:01:51+02',4988.39,70,52),
	 ('e49baf73-8647-43d0-91a1-a9e3b49e2bc5','e5ae1766-cb97-49bc-a12c-f62ecc31cac6','8ecd3a95-d065-4ddc-88d8-129ff49e2172',NULL,'Dablist','2024-11-24 18:48:17+01','2025-01-29 04:05:51+01',9682.24,70,11),
	 ('c05500a6-738e-4dc0-a5d0-91a1840620e1','7a780116-3e82-4fee-b717-44828a7d383d','493d59f8-018e-45e8-b1e3-b2609a2fe901',NULL,'Thoughtbeat','2023-08-04 22:46:13+02','2024-11-19 08:33:35+01',4599.94,70,43),
	 ('219d3a28-ab55-4af2-a737-5ec5ba18b0f5','ea29c886-fe7c-4b18-9972-109e0a5c9b83','cd7ff342-18a5-4d9b-bb82-b6060436fc18',NULL,'Skiba','2025-01-03 22:56:04+01','2024-12-21 22:49:16+01',4368.12,70,28),
	 ('03293d02-c056-4a4a-b50d-ad530087bd1e','ace63fbe-bb7d-4549-b756-ca61ae6f3deb','4845c46e-aa32-4bc3-b9a9-f326bce2fdf1',NULL,'Brainverse','2023-05-19 19:45:48+02','2024-02-10 04:45:33+01',4120.45,70,22),
	 ('cb6b9fc9-79fa-4257-97d0-3d57b30a276a','571a43dc-b184-4238-9250-4173249227f5','6cd3b2da-7ac3-4c1d-8555-72c2471b966d',NULL,'Twitterworks','2023-02-17 22:50:10+01','2024-01-23 00:20:24+01',6567.89,70,35),
	 ('e7a6aca3-f36f-4453-ac40-c53d3533bdc1','1d875dc1-10bf-4c05-9cfe-ff048249e756','6b70a4b6-325a-4e15-9bbf-b1bdf6f6c55b',NULL,'Browsecat','2024-12-19 06:34:51+01','2024-12-16 19:37:08+01',4367.94,70,40),
	 ('7a30eb8e-e090-4398-a259-3321004e3180','8860b53e-604d-4003-aa63-5b26340e2e1f','f7e1fbdf-269a-44b5-ac30-f63abac1711b',NULL,'Jabberstorm','2024-10-17 23:17:14+02','2025-08-29 04:36:34+02',6484.86,70,40),
	 ('2948d1b2-0872-4cba-ae79-7a97d667fffb','62bef1d2-8aea-4d43-bb11-0e853c4fe2b5','918e6211-7a3a-4dcc-babf-8136d4202fb6',NULL,'Yabox','2023-10-02 08:18:56+02','2024-06-01 16:45:17+02',5095.21,70,24);
INSERT INTO public.flights (id,origin_id,destination_id,layover_id,airline_name,departure_date,arrival_date,distance,max_capacity,actual_capacity) VALUES
	 ('819a347f-ce32-4ab4-9ffc-11fdef43eaf2','d90cdbb6-3bfa-4686-b95d-a7bfdf486209','abd70a4f-3f8c-4723-8933-5316ea7a7b86',NULL,'Flipstorm','2024-06-01 17:02:58+02','2024-06-30 13:19:46+02',7082.86,70,23),
	 ('6f610892-e92d-4856-94b9-b014251ac9b0','fa1f71e2-7584-4494-83f2-01791f1072e3','e4889d92-16ff-4dec-a474-ba5a9667af87',NULL,'Jetwire','2023-01-19 03:44:25+01','2023-02-21 00:45:53+01',9226.66,70,62),
	 ('cd85dc02-6e08-42a8-9403-f762d081ab7b','00343c05-da71-41c7-9d43-47db75f2a778','28a12ff0-4a1e-46e1-9b14-81300feb96ec',NULL,'Snaptags','2024-08-16 21:16:22+02','2024-09-03 07:34:01+02',6789.81,70,53),
	 ('98f2cd83-ccd3-40b0-9c6d-1fd18a8784e9','2335b67a-34ab-43f2-9a5a-009462058ed2','e6953be4-256d-4e8d-bb1d-a5d56823320e',NULL,'Livepath','2023-05-16 07:19:44+02','2024-04-15 02:14:58+02',3774.23,70,57),
	 ('5f2bb204-b068-4d6a-a8be-60bc9ebd95ac','82bbbe6b-3e1e-4567-a71c-c43350259afb','048c7ee4-ac0a-4c21-b9b5-776a279fd54a',NULL,'Skyndu','2023-10-15 14:25:50+02','2024-07-22 09:26:07+02',2257.91,70,55),
	 ('eabf8b0c-0999-42a2-b966-05342facf42b','88ad13c3-1760-4bf5-9588-b934535f0b53','4a86dec0-6d74-4a6f-86f8-9e9e5e226578',NULL,'Trilia','2024-06-05 15:07:36+02','2024-06-06 11:57:10+02',3936.47,70,28),
	 ('d4b2c148-6c61-4f0c-af96-526d01f06451','5649fa52-acbc-48a2-a029-ac60f20c4da3','207242ca-1d75-4cc5-9ccd-dbabce1766e3',NULL,'Shufflester','2024-07-18 17:37:29+02','2024-11-13 12:03:52+01',6926.07,70,13),
	 ('1a68a86b-ea8a-4376-a4ca-7952bf48e301','66ea0cce-e561-4342-a651-1c382aa4a654','7c1cb423-2971-4a5c-9816-78c6cad06412',NULL,'Latz','2024-08-24 16:37:59+02','2024-10-25 22:00:25+02',5017.47,70,12),
	 ('14afa415-bdc5-46ec-a69a-1e7abbe99bfa','99a5ef8c-4ce7-411f-8ad9-bfd6a1b96d7d','92443c34-07e7-4cef-9af3-fac32d75b06b',NULL,'Realbuzz','2023-05-20 16:54:52+02','2024-08-04 13:16:58+02',8439.88,70,34),
	 ('65c2bc2f-0577-40c3-9087-a69881aafbf0','a9607458-5bfb-452c-8461-6057bac280c5','91d773dc-b346-4b3a-ae1b-f82b71bc7263',NULL,'Skynoodle','2023-08-12 13:19:25+02','2024-03-19 07:05:07+01',1610.49,70,30);
INSERT INTO public.flights (id,origin_id,destination_id,layover_id,airline_name,departure_date,arrival_date,distance,max_capacity,actual_capacity) VALUES
	 ('474c38ff-bca6-478d-9866-5f56fa9a23ad','493d59f8-018e-45e8-b1e3-b2609a2fe901','e5ae1766-cb97-49bc-a12c-f62ecc31cac6',NULL,'Podcat','2024-06-15 00:31:36+02','2024-06-27 15:08:18+02',1491.49,70,15),
	 ('ab071d21-ce37-4632-a461-cca6ebd29af4','8ecd3a95-d065-4ddc-88d8-129ff49e2172','8574c399-c755-46cd-b915-9360c35ea8b4',NULL,'Miboo','2025-03-23 12:59:32+01','2024-07-29 20:16:18+02',6458.56,70,53),
	 ('6e8129d7-bc73-4c79-bda5-61eadf410e53','61ba70b9-2cfc-449f-91b1-8a8197caa531','1f65c8f2-d4bd-4fba-b3f7-5c88a971ed2f',NULL,'Centizu','2023-03-31 11:03:19+02','2024-08-07 18:03:02+02',7665.14,70,18),
	 ('863d7da6-bf51-4ebd-bf11-5c43d899786c','82bbbe6b-3e1e-4567-a71c-c43350259afb','edc05156-6034-406c-ac41-93e2259d801e',NULL,'Vipe','2023-11-03 06:12:12+01','2024-10-27 21:34:49+01',4711.79,70,10),
	 ('d982ae0d-9a49-4cfc-af60-47956fd7e66e','64d08db0-a998-486a-b21d-3a498ba324cc','abd70a4f-3f8c-4723-8933-5316ea7a7b86',NULL,'Gabspot','2024-12-11 06:47:37+01','2024-01-17 18:31:28+01',3247.12,70,35),
	 ('44f6508a-982f-4f72-a470-96752fb16ea9','abd70a4f-3f8c-4723-8933-5316ea7a7b86','97866abe-667f-4b43-99bf-b7fc264a468b',NULL,'Skimia','2023-11-24 22:45:38+01','2025-01-18 19:59:10+01',8862.16,70,19),
	 ('4c735a92-0df7-400b-89a3-64621b030906','4a86dec0-6d74-4a6f-86f8-9e9e5e226578','520dbc96-f562-4d4e-86a0-f4306485fbd9',NULL,'Fiveclub','2024-02-05 16:14:50+01','2024-10-14 04:42:47+02',4483.85,70,59),
	 ('114cddd7-25c2-42ed-bf5a-8a49a49b0461','13465445-fa9a-4c8e-adc7-659aac11da30','7b4dc683-dc47-437d-a830-a9eeff6febbb',NULL,'Jatri','2023-06-13 12:23:14+02','2024-05-08 04:33:50+02',8729.82,70,62),
	 ('a9515da1-fbd7-4d5b-9b01-d4e1a988bd0a','13d8f9b7-f8ee-40e5-b7f0-2dcb4e8540c2','64d08db0-a998-486a-b21d-3a498ba324cc',NULL,'Yakidoo','2023-01-09 19:45:42+01','2024-02-09 15:52:19+01',7513.93,70,51),
	 ('ed74ae37-5a7d-44e7-9979-32811781116c','abd70a4f-3f8c-4723-8933-5316ea7a7b86','2df0b812-a93e-4b39-bf48-d2db9b39441b',NULL,'Flashspan','2025-03-25 08:11:35+01','2026-02-17 13:30:35+01',4485.53,70,19);
INSERT INTO public.flights (id,origin_id,destination_id,layover_id,airline_name,departure_date,arrival_date,distance,max_capacity,actual_capacity) VALUES
	 ('3e2f49d2-6d52-4ad4-a6d2-527b1ea0fc54','28a12ff0-4a1e-46e1-9b14-81300feb96ec','a17a66c0-bf53-4103-88c9-a2246e73deda',NULL,'Twitterworks','2023-02-09 08:25:13+01','2024-09-13 01:04:29+02',5095.72,70,32),
	 ('5b604be3-54bf-431c-8dfe-75f7a5130985','7c1cb423-2971-4a5c-9816-78c6cad06412','64c5deb4-3a80-4a9f-a176-c2f296612ce6',NULL,'Blogspan','2023-01-28 14:05:26+01','2024-10-27 07:50:32+01',7574.17,70,40),
	 ('f751a185-034b-49db-9233-35b1be633873','61ba70b9-2cfc-449f-91b1-8a8197caa531','fde49ef4-7453-4113-b772-6ffd24fc986f',NULL,'Livefish','2024-10-17 23:07:46+02','2024-06-10 13:00:57+02',980.62,70,56),
	 ('8ced66a0-6116-4144-b24f-86c965e342a6','04600001-2665-4aea-8e88-c34fac519f59','ce4bd31a-4895-4d2e-b0a4-97cb40d91275',NULL,'Livefish','2024-02-07 16:59:13+01','2024-12-21 10:14:22+01',3240.51,70,27),
	 ('5afa56de-7e6e-4f16-a11d-fbd9a637cf03','f7e1fbdf-269a-44b5-ac30-f63abac1711b','24ebce0c-05b9-4857-a812-b099fd87e355',NULL,'Roombo','2024-10-19 15:39:05+02','2025-07-10 08:48:17+02',7899.46,70,36),
	 ('0d228be5-d9af-43e8-9cb3-900e3209f268','e42b5ecf-9cf6-40f5-aeb9-1389870fcb9c','e76ad9e4-8a88-400d-baae-ed09dacd044b',NULL,'Zoomcast','2023-11-25 06:08:20+01','2024-03-03 13:06:48+01',8531.54,70,26),
	 ('d134abc6-11ea-46af-804a-2d4121d911e4','91d773dc-b346-4b3a-ae1b-f82b71bc7263','17831794-b536-42ce-aa50-8306971f2868',NULL,'Chatterpoint','2025-03-08 15:58:19+01','2024-07-29 18:18:07+02',8555.31,70,64),
	 ('a373e587-44db-4cb1-95a0-24858d536db6','41a82d46-228a-4c26-bdfc-7d7bbd5a9e82','832e0cad-2ba8-4eff-bebe-90a518b9a4ab',NULL,'Edgeblab','2023-12-24 09:33:33+01','2024-08-16 00:18:49+02',9284.04,70,29),
	 ('cf74d594-80ee-4520-8985-64d96caaaf3b','a455c040-40d3-4be8-a53e-0490130d46a2','cd7ff342-18a5-4d9b-bb82-b6060436fc18',NULL,'Flipopia','2025-01-08 05:27:57+01','2024-03-13 09:58:26+01',6131.11,70,36),
	 ('01ca16b6-d45f-4ac9-8276-7b10f12e299c','05e2ccbb-4667-4f7e-bb0f-8133095b829b','8abb4a02-2c4d-42fe-b811-a76851fab0e3',NULL,'Meevee','2023-01-07 12:46:51+01','2023-07-15 11:11:41+02',2059.97,70,53);
INSERT INTO public.flights (id,origin_id,destination_id,layover_id,airline_name,departure_date,arrival_date,distance,max_capacity,actual_capacity) VALUES
	 ('bdf1e607-a159-4786-b594-9f377284241c','c40d01db-e72e-4546-acb2-3678552ac7e6','e42b5ecf-9cf6-40f5-aeb9-1389870fcb9c',NULL,'Skyvu','2024-07-15 15:51:48+02','2025-03-05 14:53:25+01',2847.91,70,11),
	 ('0c915ab4-97f7-4e17-8330-a13f72a096b5','b6c1aee4-b607-4916-8dc9-d0b069e54f7f','c3020e98-c08d-46a8-9d08-a248c045a4c1',NULL,'Bubblemix','2023-02-03 20:47:51+01','2024-05-05 15:58:45+02',8691.36,70,47),
	 ('84cb916c-ab8f-42b8-ba0e-162799b8a28c','a455c040-40d3-4be8-a53e-0490130d46a2','13d8f9b7-f8ee-40e5-b7f0-2dcb4e8540c2',NULL,'Yakitri','2025-03-13 11:29:23+01','2024-08-02 20:01:51+02',8150.91,70,63),
	 ('00ff78da-70a2-4d84-a86d-6d89266544f0','cd7ff342-18a5-4d9b-bb82-b6060436fc18','8574c399-c755-46cd-b915-9360c35ea8b4',NULL,'Mymm','2024-03-03 08:47:01+01','2025-02-17 16:31:33+01',2525.91,70,34),
	 ('87ef0255-5300-4ef8-9f21-e6a4c9ffb204','b407d6b2-befe-4dcf-9ecd-a5c38da895b3','4bf5a9d2-14c2-418d-91e3-7fd56c0d4af7',NULL,'Realcube','2024-12-22 17:33:25+01','2025-03-08 19:56:25+01',8630.75,70,52),
	 ('34387aad-3e02-4220-9aa8-4724ffa408d0','747567f9-ec1e-4a51-8f40-069b04a51432','edc05156-6034-406c-ac41-93e2259d801e',NULL,'Agimba','2023-05-11 11:14:32+02','2024-03-11 03:15:10+01',1218.97,70,59),
	 ('15118270-ec5d-45a7-b74d-642b6a80db1b','04600001-2665-4aea-8e88-c34fac519f59','8a6417da-f0e8-4b5e-ad51-9dc22bcf0f81',NULL,'Kwideo','2024-08-16 00:41:27+02','2024-03-07 08:41:07+01',3935.25,70,60),
	 ('155dbc7c-1b6f-42ab-abbe-9a4072f70013','a17a66c0-bf53-4103-88c9-a2246e73deda','6cd3b2da-7ac3-4c1d-8555-72c2471b966d',NULL,'Centizu','2024-06-20 03:09:00+02','2024-08-02 15:33:38+02',1778.11,70,67),
	 ('7869aaa0-1edc-4fcb-9afb-897579f38dd1','942bb66a-c2fa-45b7-9c06-0b3651149b6a','8a6417da-f0e8-4b5e-ad51-9dc22bcf0f81',NULL,'Avavee','2025-03-04 00:52:22+01','2024-05-19 20:43:48+02',4477.57,70,31),
	 ('415c833c-5f6a-41c9-9ad3-f1da87f09880','05e2ccbb-4667-4f7e-bb0f-8133095b829b','3d6e42e2-972a-456f-b582-146b64896f92',NULL,'Yata','2024-03-25 23:59:36+01','2025-03-26 21:50:14+01',2720.38,70,16);
INSERT INTO public.flights (id,origin_id,destination_id,layover_id,airline_name,departure_date,arrival_date,distance,max_capacity,actual_capacity) VALUES
	 ('5aeae099-e413-4bbb-b0d8-0f45565ed890','ce6c436d-b568-461d-9b38-bd7f8b8843e9','e6953be4-256d-4e8d-bb1d-a5d56823320e',NULL,'Riffpedia','2025-03-01 04:40:16+01','2025-05-16 22:04:01+02',9499.22,70,48),
	 ('e427d2de-9b0a-4dd1-94ea-69147b22c4bf','a753521b-92a1-4ca5-ac8c-9f4740174982','1f65c8f2-d4bd-4fba-b3f7-5c88a971ed2f',NULL,'Brightdog','2024-02-14 01:17:34+01','2024-11-08 00:02:02+01',4504.23,70,33),
	 ('c83bfbfc-6c67-4305-b5a8-fe111361063c','2335b67a-34ab-43f2-9a5a-009462058ed2','ea29c886-fe7c-4b18-9972-109e0a5c9b83',NULL,'Kanoodle','2024-04-04 22:21:20+02','2024-06-12 05:27:11+02',669.66,70,24),
	 ('e804d9a9-a5fc-4a00-a7f0-b1a0f7bd6cd4','0a8d350f-a740-43e5-aea9-3417b7e4a49f','24ebce0c-05b9-4857-a812-b099fd87e355',NULL,'Photobug','2023-12-17 09:57:30+01','2024-02-23 00:46:13+01',9193.73,70,60),
	 ('a07498fc-7f31-4d36-b684-774fe97f72ec','17831794-b536-42ce-aa50-8306971f2868','2df0b812-a93e-4b39-bf48-d2db9b39441b',NULL,'Tagpad','2023-11-30 22:34:18+01','2024-09-28 17:43:25+02',8008.43,70,26),
	 ('3f4c0747-02d3-4704-ae18-d03b30a2d9e6','7c1cb423-2971-4a5c-9816-78c6cad06412','1f65c8f2-d4bd-4fba-b3f7-5c88a971ed2f',NULL,'Bluejam','2024-03-21 22:14:27+01','2025-03-12 05:46:37+01',4372.93,70,42),
	 ('058726c9-0b57-41ba-9cd7-7a465bc780e4','13465445-fa9a-4c8e-adc7-659aac11da30','61ba70b9-2cfc-449f-91b1-8a8197caa531',NULL,'Twitterworks','2025-01-31 09:17:09+01','2025-12-17 06:52:28+01',7410.62,70,32),
	 ('a109924b-6cb7-4d60-b0a2-b93b6574a929','80fd4878-504d-4ff1-a55d-ea249557df27','942bb66a-c2fa-45b7-9c06-0b3651149b6a',NULL,'Skyba','2023-09-02 20:03:28+02','2024-06-16 00:54:40+02',9416.39,70,20),
	 ('052418b9-0753-4eba-961b-319dbcd5c22d','e497ff41-d197-47f6-889c-471535571ddb','fde49ef4-7453-4113-b772-6ffd24fc986f',NULL,'Innotype','2023-02-22 23:51:13+01','2024-10-23 10:13:13+02',6512.06,70,24),
	 ('fca79c47-e196-4995-b29d-3afbeb242716','fa1f71e2-7584-4494-83f2-01791f1072e3','17831794-b536-42ce-aa50-8306971f2868',NULL,'Mydeo','2023-03-20 05:16:54+01','2024-09-13 19:52:38+02',8733.62,70,50);
INSERT INTO public.flights (id,origin_id,destination_id,layover_id,airline_name,departure_date,arrival_date,distance,max_capacity,actual_capacity) VALUES
	 ('5905e569-bf37-42f8-a7ee-1811666652d4','80fd4878-504d-4ff1-a55d-ea249557df27','8a6417da-f0e8-4b5e-ad51-9dc22bcf0f81',NULL,'Gigazoom','2024-08-03 10:25:28+02','2024-09-11 13:40:30+02',4765.38,70,17),
	 ('034ab2a8-ce32-473a-98d1-831bbe46657d','8574c399-c755-46cd-b915-9360c35ea8b4','04600001-2665-4aea-8e88-c34fac519f59',NULL,'Zoomlounge','2023-09-23 18:59:06+02','2024-04-21 12:03:08+02',5526.81,70,38),
	 ('3334d92a-9659-4d72-83dc-892b28ed5a2e','918e6211-7a3a-4dcc-babf-8136d4202fb6','92443c34-07e7-4cef-9af3-fac32d75b06b',NULL,'Cogibox','2024-12-04 02:12:54+01','2025-12-02 21:51:10+01',9860.84,70,50),
	 ('1b45f5b0-74f6-461e-8dbf-e71bfc538263','2d02219f-ac9a-4a68-a0c3-30e5be4aca8a','747567f9-ec1e-4a51-8f40-069b04a51432',NULL,'Mycat','2023-01-07 00:40:33+01','2024-07-10 02:20:08+02',8576.79,70,27),
	 ('d7a1dce5-3776-49a6-a89f-d91de5b4d3f4','ce6c436d-b568-461d-9b38-bd7f8b8843e9','24ebce0c-05b9-4857-a812-b099fd87e355',NULL,'Ainyx','2025-01-08 09:52:12+01','2025-07-11 11:58:53+02',7507.94,70,29),
	 ('a12e1559-0358-4ce0-9aca-103336ba53ce','00343c05-da71-41c7-9d43-47db75f2a778','4a86dec0-6d74-4a6f-86f8-9e9e5e226578',NULL,'Camido','2024-11-02 16:02:05+01','2024-02-12 06:03:33+01',4926.13,70,39),
	 ('edfc88c9-6a0e-49c9-a7b6-f76399ed68ae','2d02219f-ac9a-4a68-a0c3-30e5be4aca8a','9e163ae1-684c-4422-8b44-e50b446920af',NULL,'Devpulse','2023-01-27 02:22:57+01','2024-07-07 00:01:13+02',5208.43,70,63),
	 ('31476659-6856-4e84-9404-1e910f47913c','942bb66a-c2fa-45b7-9c06-0b3651149b6a','e03b7382-4fac-486f-8014-c04137720f15',NULL,'Yambee','2024-11-19 10:34:59+01','2024-12-05 00:40:16+01',3163.78,70,70),
	 ('e8ca7a56-4784-4f87-b085-adacfc550357','2df0b812-a93e-4b39-bf48-d2db9b39441b','7b4dc683-dc47-437d-a830-a9eeff6febbb',NULL,'Vimbo','2023-03-23 06:23:20+01','2023-05-04 13:35:27+02',832.33,70,15),
	 ('e582bc6f-64f5-473d-8728-a054fdf10d0c','62bef1d2-8aea-4d43-bb11-0e853c4fe2b5','571a43dc-b184-4238-9250-4173249227f5',NULL,'Voolith','2023-07-20 13:31:50+02','2024-02-01 04:44:03+01',7705.57,70,37);
INSERT INTO public.flights (id,origin_id,destination_id,layover_id,airline_name,departure_date,arrival_date,distance,max_capacity,actual_capacity) VALUES
	 ('77b2c85e-b3d1-4c83-bad6-5c333d7da0cb','13465445-fa9a-4c8e-adc7-659aac11da30','8574c399-c755-46cd-b915-9360c35ea8b4',NULL,'Twitterworks','2025-02-26 21:44:13+01','2026-02-11 13:21:02+01',6400.31,70,44),
	 ('332a8fc8-48c3-4eb3-88af-13682d3603cf','bc1c6ad2-122a-4b90-aef3-2478349fd49e','fa1f71e2-7584-4494-83f2-01791f1072e3',NULL,'Jaxnation','2024-10-10 08:25:57+02','2024-11-07 17:26:46+01',5245.78,70,18),
	 ('96f251d9-b14b-43e5-b0b6-7a8656eb81dc','2e8dc4c9-0c72-4e7f-b0e6-480767ef279e','ea29c886-fe7c-4b18-9972-109e0a5c9b83',NULL,'Fanoodle','2023-03-01 07:38:51+01','2025-03-07 14:55:05+01',5451.57,70,33),
	 ('0a4e0102-d245-4669-b0f5-6b7478b40192','571a43dc-b184-4238-9250-4173249227f5','91d773dc-b346-4b3a-ae1b-f82b71bc7263',NULL,'Yombu','2024-01-20 18:22:53+01','2024-11-06 05:10:49+01',1738.25,70,65),
	 ('b3f3d297-1c37-49a2-a5fa-6e487c1d8eb6','f5ea3ee6-ee72-4197-8abe-3b85d7cccef2','97866abe-667f-4b43-99bf-b7fc264a468b',NULL,'Riffpedia','2024-07-29 22:04:52+02','2024-07-14 17:41:34+02',1510.02,70,29),
	 ('fc8f8956-bb86-46ba-ad5d-a3229179f24b','a932ed9f-baf0-4bbb-83db-fdf2b99d17c2','6c589f68-ee47-4512-b3bb-e3a608eee03b',NULL,'Jabbersphere','2025-02-06 20:45:19+01','2025-04-05 02:13:31+02',9278.48,70,58),
	 ('1f8a15f8-9277-49c6-8a8b-cf5c1bfed2a9','7b4dc683-dc47-437d-a830-a9eeff6febbb','048c7ee4-ac0a-4c21-b9b5-776a279fd54a',NULL,'Plambee','2023-11-22 18:37:33+01','2024-06-07 10:18:46+02',2250.18,70,39),
	 ('704bc8b9-88f5-4fc3-a1f3-4b0361d43a26','e497ff41-d197-47f6-889c-471535571ddb','edc05156-6034-406c-ac41-93e2259d801e',NULL,'Kaymbo','2023-08-18 17:07:39+02','2024-11-22 13:11:50+01',4918.71,70,11),
	 ('6d886d29-eaca-451c-bbbe-e5b343a57cd1','b407d6b2-befe-4dcf-9ecd-a5c38da895b3','f5ea3ee6-ee72-4197-8abe-3b85d7cccef2',NULL,'Thoughtmix','2024-02-09 01:13:38+01','2024-11-08 17:56:48+01',8724.11,70,50),
	 ('ac93b727-085a-47d7-ba24-051ee769675f','24ebce0c-05b9-4857-a812-b099fd87e355','8574c399-c755-46cd-b915-9360c35ea8b4',NULL,'Edgetag','2024-12-01 02:53:11+01','2025-04-26 23:58:20+02',7166.77,70,20);
INSERT INTO public.flights (id,origin_id,destination_id,layover_id,airline_name,departure_date,arrival_date,distance,max_capacity,actual_capacity) VALUES
	 ('6d24b6ca-5136-4c42-86ce-c002a8376a3d','91d773dc-b346-4b3a-ae1b-f82b71bc7263','571a43dc-b184-4238-9250-4173249227f5',NULL,'Zoombeat','2023-01-18 11:37:20+01','2023-12-22 23:00:48+01',1232.7,70,62),
	 ('0c4fcb91-507a-40cb-8b10-7827529f1e8f','bc1c6ad2-122a-4b90-aef3-2478349fd49e','2335b67a-34ab-43f2-9a5a-009462058ed2',NULL,'Buzzshare','2024-06-11 16:48:28+02','2025-01-24 19:25:11+01',7915.47,70,16),
	 ('f4737507-7686-48c0-a81b-bd14b358da56','d90cdbb6-3bfa-4686-b95d-a7bfdf486209','c3020e98-c08d-46a8-9d08-a248c045a4c1',NULL,'Jaxnation','2023-08-19 17:13:42+02','2024-06-04 02:56:48+02',1105.61,70,63),
	 ('b89dee8b-a4cf-43c9-8375-2609a991b4c6','fde49ef4-7453-4113-b772-6ffd24fc986f','68526b47-8c36-4a01-8998-a37a978ebabc',NULL,'Zooxo','2024-07-31 00:17:43+02','2024-08-21 02:46:38+02',4885.02,70,46),
	 ('ebba6446-54a6-4377-b412-8dbd2747323e','d90cdbb6-3bfa-4686-b95d-a7bfdf486209','2d02219f-ac9a-4a68-a0c3-30e5be4aca8a',NULL,'Rhyzio','2024-06-17 23:44:51+02','2024-09-22 22:01:10+02',2045.84,70,57),
	 ('75a447f7-98f9-4f5b-afc5-44d10acf5c59','28a12ff0-4a1e-46e1-9b14-81300feb96ec','7b4dc683-dc47-437d-a830-a9eeff6febbb',NULL,'Fanoodle','2024-09-13 05:51:56+02','2025-06-17 01:33:16+02',3016.31,70,63),
	 ('b44011b6-c1b6-49f9-9f70-8e7ca942de4c','ce6c436d-b568-461d-9b38-bd7f8b8843e9','520dbc96-f562-4d4e-86a0-f4306485fbd9',NULL,'Roodel','2025-01-31 01:46:04+01','2025-11-12 10:47:18+01',7191.97,70,10),
	 ('22974bee-31f9-4834-9edc-18605168e0c2','7784641c-2345-4e04-a330-4409b227ddd2','06364503-1d63-4cdc-981a-0fddf9afbd47',NULL,'Skaboo','2024-06-08 23:46:43+02','2025-03-09 00:54:41+01',1866.88,70,54),
	 ('6ad22448-aa41-4915-9517-42018aa435ca','abd70a4f-3f8c-4723-8933-5316ea7a7b86','a455c040-40d3-4be8-a53e-0490130d46a2',NULL,'Aimbu','2023-11-23 19:14:46+01','2024-03-15 00:18:23+01',5731.77,70,43),
	 ('366d376b-53c0-428e-b19c-02cf3ff804c8','1ca1694a-debe-4d8e-a9c1-d32eccb3fde7','1f65c8f2-d4bd-4fba-b3f7-5c88a971ed2f',NULL,'Meemm','2024-02-02 08:06:15+01','2024-04-01 16:21:39+02',795.67,70,60);
INSERT INTO public.flights (id,origin_id,destination_id,layover_id,airline_name,departure_date,arrival_date,distance,max_capacity,actual_capacity) VALUES
	 ('dfaf3f3b-f22e-4485-85b4-163845f0077b','a455c040-40d3-4be8-a53e-0490130d46a2','747567f9-ec1e-4a51-8f40-069b04a51432',NULL,'Jabbersphere','2023-07-01 23:56:36+02','2024-09-01 20:15:44+02',7554.07,70,35),
	 ('24b3f0ff-f793-4c2c-a745-dbdc5cc21254','64c5deb4-3a80-4a9f-a176-c2f296612ce6','e6953be4-256d-4e8d-bb1d-a5d56823320e',NULL,'Dabshots','2024-10-28 20:33:14+01','2024-11-01 23:36:25+01',8031.48,70,67),
	 ('c3942c2f-6558-4f05-9cd1-fb60fc850d30','a9607458-5bfb-452c-8461-6057bac280c5','7c1cb423-2971-4a5c-9816-78c6cad06412',NULL,'Kwideo','2023-08-01 13:36:44+02','2024-07-31 10:36:25+02',8238.59,70,61),
	 ('ef5c2774-acd0-4adc-b504-b2c8494e2757','82bbbe6b-3e1e-4567-a71c-c43350259afb','28a12ff0-4a1e-46e1-9b14-81300feb96ec',NULL,'Jetpulse','2025-03-05 17:00:09+01','2025-08-21 01:43:08+02',9616.48,70,64),
	 ('6f2dcf19-e02d-47b6-ad1a-858844555f99','17831794-b536-42ce-aa50-8306971f2868','2e8dc4c9-0c72-4e7f-b0e6-480767ef279e',NULL,'Innotype','2023-12-31 01:32:12+01','2025-03-14 07:03:09+01',2725.59,70,30),
	 ('da495483-3588-4691-b17d-7ca3fcbd4088','2e8dc4c9-0c72-4e7f-b0e6-480767ef279e','4a86dec0-6d74-4a6f-86f8-9e9e5e226578',NULL,'Oloo','2023-08-10 10:02:43+02','2025-02-28 04:13:24+01',7826.62,70,70),
	 ('5cabde55-0d95-4122-8b3c-248641d17ea0','99a5ef8c-4ce7-411f-8ad9-bfd6a1b96d7d','47620c21-3b33-4e03-b8a3-8f1704759867',NULL,'Vidoo','2024-10-21 07:41:10+02','2024-06-07 11:27:56+02',6956.28,70,19),
	 ('9e542e74-85cc-47a7-a96d-3256af51e79a','3d6e42e2-972a-456f-b582-146b64896f92','2e8dc4c9-0c72-4e7f-b0e6-480767ef279e',NULL,'Lazz','2024-05-03 23:39:39+02','2024-09-17 00:34:01+02',5236.44,70,17),
	 ('00632253-d336-4ec7-80f2-01aee45ea0f5','c55d98e1-af2d-4fbb-82f4-08c9c44875ed','41a82d46-228a-4c26-bdfc-7d7bbd5a9e82',NULL,'Cogidoo','2024-07-26 00:37:08+02','2024-12-18 05:20:59+01',8853.28,70,44),
	 ('159fa876-fc3e-425e-8fff-2ef05e40d51a','a8ab8d0e-812d-4192-a4c1-2365bb61c1ac','7784641c-2345-4e04-a330-4409b227ddd2',NULL,'Devshare','2024-05-22 23:04:22+02','2025-01-26 12:05:08+01',4267.66,70,56);
INSERT INTO public.flights (id,origin_id,destination_id,layover_id,airline_name,departure_date,arrival_date,distance,max_capacity,actual_capacity) VALUES
	 ('0d0f266b-a39f-4711-8644-36c85d2e647f','91d773dc-b346-4b3a-ae1b-f82b71bc7263','2e8dc4c9-0c72-4e7f-b0e6-480767ef279e',NULL,'Blognation','2024-01-27 05:54:14+01','2025-02-19 00:54:08+01',3461.11,70,22),
	 ('aad176f3-0681-4f1c-99e0-0b7040fce67f','ea29c886-fe7c-4b18-9972-109e0a5c9b83','048c7ee4-ac0a-4c21-b9b5-776a279fd54a',NULL,'Aimbu','2024-11-24 01:15:45+01','2024-12-15 14:28:21+01',3996.94,70,48),
	 ('3852f58c-ab96-4e7d-b400-3b41afbdeadd','24ebce0c-05b9-4857-a812-b099fd87e355','c40d01db-e72e-4546-acb2-3678552ac7e6',NULL,'Quatz','2023-04-06 08:42:40+02','2024-05-02 07:41:39+02',9883.08,70,29),
	 ('9ff8b7f0-0f44-48bf-b09b-2a356bed4d08','d90cdbb6-3bfa-4686-b95d-a7bfdf486209','47620c21-3b33-4e03-b8a3-8f1704759867',NULL,'Thoughtstorm','2023-11-15 09:04:21+01','2025-03-18 05:33:38+01',4464.91,70,20),
	 ('04579782-cff1-486e-a3be-9ac8295e7d04','edc05156-6034-406c-ac41-93e2259d801e','1f65c8f2-d4bd-4fba-b3f7-5c88a971ed2f',NULL,'Tekfly','2023-07-30 20:54:58+02','2023-08-19 20:37:21+02',2020.46,70,66),
	 ('17429163-cc16-47bf-a7d4-c95702cae745','95618502-6aa8-4bee-88d4-0aa837287a8f','fa1f71e2-7584-4494-83f2-01791f1072e3',NULL,'Vipe','2023-05-05 09:22:30+02','2023-06-16 03:20:05+02',6524.25,70,14),
	 ('3076884e-4961-42ba-92c5-2216dd6a8c20','0a8d350f-a740-43e5-aea9-3417b7e4a49f','8860b53e-604d-4003-aa63-5b26340e2e1f',NULL,'Skibox','2023-06-08 09:24:40+02','2023-06-09 05:19:16+02',253.79,70,60),
	 ('0b9df2fd-d12c-41ec-9c99-7af1d9f91070','207242ca-1d75-4cc5-9ccd-dbabce1766e3','a455c040-40d3-4be8-a53e-0490130d46a2',NULL,'Vinte','2023-12-01 07:44:31+01','2024-03-22 12:26:12+01',791.07,70,27),
	 ('91ad817c-1a6e-47e8-9303-d2ee2b0ed95c','53a2a9f3-3124-4682-9215-b14a4473747d','82bbbe6b-3e1e-4567-a71c-c43350259afb',NULL,'Topicblab','2024-06-02 16:06:45+02','2024-05-25 05:48:05+02',2680.02,70,65),
	 ('12fefac5-97e2-4d28-9c4e-47c9137c85e5','493d59f8-018e-45e8-b1e3-b2609a2fe901','95618502-6aa8-4bee-88d4-0aa837287a8f',NULL,'Flashpoint','2024-04-07 04:48:09+02','2024-11-23 18:47:08+01',3571.99,70,55);
INSERT INTO public.flights (id,origin_id,destination_id,layover_id,airline_name,departure_date,arrival_date,distance,max_capacity,actual_capacity) VALUES
	 ('c2efac28-1555-4d0e-9a7c-991eba159a21','00343c05-da71-41c7-9d43-47db75f2a778','8ecd3a95-d065-4ddc-88d8-129ff49e2172',NULL,'Roomm','2023-12-16 02:28:50+01','2024-11-12 11:40:05+01',6672.82,70,45),
	 ('e70b89e3-9da5-49c5-bf01-a2560521c048','3d6e42e2-972a-456f-b582-146b64896f92','fa1f71e2-7584-4494-83f2-01791f1072e3',NULL,'Teklist','2023-08-24 05:48:34+02','2024-01-21 17:15:20+01',2547.69,70,35),
	 ('e75293f1-d889-4f83-864e-aa6815aeb05f','bc1c6ad2-122a-4b90-aef3-2478349fd49e','2df0b812-a93e-4b39-bf48-d2db9b39441b',NULL,'Gabtype','2024-09-24 06:08:38+02','2025-02-27 07:09:42+01',8455.98,70,62),
	 ('6c65c849-c800-40bb-934a-e5f5cb359ee3','f7e1fbdf-269a-44b5-ac30-f63abac1711b','9e163ae1-684c-4422-8b44-e50b446920af',NULL,'Tagchat','2023-05-16 19:32:57+02','2024-06-22 22:10:26+02',1567.7,70,28),
	 ('27ab99f8-74b0-4f3b-9f5c-35baba7c1d1b','06364503-1d63-4cdc-981a-0fddf9afbd47','06364503-1d63-4cdc-981a-0fddf9afbd47',NULL,'Mydeo','2024-09-04 09:51:05+02','2024-12-09 14:38:07+01',4885.46,70,15),
	 ('cf4a6221-aaf6-4fe6-9a14-e141864c66c8','24ebce0c-05b9-4857-a812-b099fd87e355','4bf5a9d2-14c2-418d-91e3-7fd56c0d4af7',NULL,'Topdrive','2024-03-27 00:33:15+01','2025-01-27 07:25:30+01',2942.37,70,59),
	 ('b09cec4d-9c94-4f4b-bc7d-1f4e2b8b8a3d','4a86dec0-6d74-4a6f-86f8-9e9e5e226578','2df0b812-a93e-4b39-bf48-d2db9b39441b',NULL,'Yakitri','2024-03-13 09:07:57+01','2024-05-04 04:34:31+02',6270.91,70,28),
	 ('54339775-34af-4d7d-a3b7-442304e3c8b8','61ba70b9-2cfc-449f-91b1-8a8197caa531','bc1c6ad2-122a-4b90-aef3-2478349fd49e',NULL,'Jetpulse','2023-07-14 06:15:33+02','2025-03-28 14:50:20+01',8807.65,70,35),
	 ('b181de41-2cf9-4e8d-9b0a-2e3fd33c152a','edc05156-6034-406c-ac41-93e2259d801e','ce4bd31a-4895-4d2e-b0a4-97cb40d91275',NULL,'Dabjam','2023-02-07 16:33:09+01','2023-08-12 03:11:49+02',7323.19,70,61),
	 ('77b348f9-9f92-4757-b5d5-e5f06abb9947','9e163ae1-684c-4422-8b44-e50b446920af','f7e1fbdf-269a-44b5-ac30-f63abac1711b',NULL,'Riffpedia','2024-01-25 05:21:53+01','2024-07-15 06:52:10+02',1663.35,70,33);
INSERT INTO public.flights (id,origin_id,destination_id,layover_id,airline_name,departure_date,arrival_date,distance,max_capacity,actual_capacity) VALUES
	 ('2c5169ee-0ec8-42ed-9a65-bd634d327e39','53a2a9f3-3124-4682-9215-b14a4473747d','571a43dc-b184-4238-9250-4173249227f5',NULL,'Thoughtbridge','2024-12-16 04:13:31+01','2025-11-26 09:50:17+01',2365.42,70,44),
	 ('24adcff6-9c39-4bf0-a062-b6b5741b1fb8','e76ad9e4-8a88-400d-baae-ed09dacd044b','64c5deb4-3a80-4a9f-a176-c2f296612ce6',NULL,'InnoZ','2024-10-04 01:05:46+02','2025-05-28 06:23:03+02',8303.7,70,56),
	 ('1200b900-252b-46f3-b411-ea785951232f','0a8d350f-a740-43e5-aea9-3417b7e4a49f','41a82d46-228a-4c26-bdfc-7d7bbd5a9e82',NULL,'Gigashots','2023-07-19 20:15:21+02','2025-03-21 04:42:33+01',8921.67,70,46),
	 ('0f2324b0-2fc7-411c-938d-e05e6fade384','00343c05-da71-41c7-9d43-47db75f2a778','c40d01db-e72e-4546-acb2-3678552ac7e6',NULL,'Mynte','2024-04-27 23:38:24+02','2024-10-18 20:04:58+02',2320.13,70,33),
	 ('3694d92e-366c-43f3-b055-d3be725635f6','3d6e42e2-972a-456f-b582-146b64896f92','92443c34-07e7-4cef-9af3-fac32d75b06b',NULL,'Linktype','2024-01-30 04:39:47+01','2025-03-07 14:06:57+01',7437.75,70,48),
	 ('2c4f1b06-f9cc-4ce2-a660-007e7b5e26de','571a43dc-b184-4238-9250-4173249227f5','03a4420c-fe56-48c9-b0c8-cf5a78c5556f',NULL,'Rhyzio','2023-08-15 12:26:05+02','2024-08-01 04:22:27+02',8449.47,70,67),
	 ('f1c00438-ddcd-4d12-b895-a6606e88380f','a932ed9f-baf0-4bbb-83db-fdf2b99d17c2','048c7ee4-ac0a-4c21-b9b5-776a279fd54a',NULL,'Jayo','2024-04-05 17:43:23+02','2024-08-21 00:16:22+02',1997.99,70,28),
	 ('c373b6df-1fc7-4e5c-91af-ab2411a1e308','ce6c436d-b568-461d-9b38-bd7f8b8843e9','47620c21-3b33-4e03-b8a3-8f1704759867',NULL,'Reallinks','2024-04-22 23:48:54+02','2024-01-15 02:26:11+01',6234.76,70,18),
	 ('7a474e8f-bfbb-43d5-8d91-63246cd2b078','ce4bd31a-4895-4d2e-b0a4-97cb40d91275','1f65c8f2-d4bd-4fba-b3f7-5c88a971ed2f',NULL,'Divanoodle','2023-01-14 06:01:53+01','2023-02-27 01:03:39+01',7136.68,70,49),
	 ('0ad531ca-0d08-478f-9fe9-09d33f45d119','97866abe-667f-4b43-99bf-b7fc264a468b','82bbbe6b-3e1e-4567-a71c-c43350259afb',NULL,'Fanoodle','2023-06-08 21:18:22+02','2023-07-23 10:44:19+02',8960.84,70,50);
INSERT INTO public.flights (id,origin_id,destination_id,layover_id,airline_name,departure_date,arrival_date,distance,max_capacity,actual_capacity) VALUES
	 ('1c595b60-caae-4e2a-b253-6e7143330b1d','17831794-b536-42ce-aa50-8306971f2868','6cd3b2da-7ac3-4c1d-8555-72c2471b966d',NULL,'Dabtype','2023-03-12 02:52:26+01','2023-11-16 00:48:13+01',604.62,70,24),
	 ('814f5026-dbd9-451d-81c9-a91842015160','00343c05-da71-41c7-9d43-47db75f2a778','82bbbe6b-3e1e-4567-a71c-c43350259afb',NULL,'Edgeclub','2024-12-13 04:37:09+01','2024-09-27 05:14:48+02',442.09,70,34),
	 ('2611551b-bba3-44b8-8ed8-d060335b6406','9e163ae1-684c-4422-8b44-e50b446920af','1ca1694a-debe-4d8e-a9c1-d32eccb3fde7',NULL,'Ntag','2023-01-21 10:32:15+01','2023-12-02 02:50:56+01',9318.28,70,45),
	 ('5fd3508c-18fb-4f42-9465-33aaefa85551','2a010c5e-e5e7-4f6e-a4ba-8cff9e0d931e','53a2a9f3-3124-4682-9215-b14a4473747d',NULL,'Zoonoodle','2023-12-31 00:58:48+01','2024-03-06 04:49:48+01',608.0,70,21),
	 ('09a45930-a0fd-43ca-a427-fe36dd38318c','e42b5ecf-9cf6-40f5-aeb9-1389870fcb9c','4a86dec0-6d74-4a6f-86f8-9e9e5e226578',NULL,'Riffpedia','2023-10-19 14:56:38+02','2024-01-20 05:54:13+01',4733.25,70,19),
	 ('dbf53d0f-4246-4685-93f7-f33bb8f8e2ae','13465445-fa9a-4c8e-adc7-659aac11da30','6c589f68-ee47-4512-b3bb-e3a608eee03b',NULL,'Mynte','2023-10-27 00:19:45+02','2024-06-17 06:25:44+02',3550.81,70,20),
	 ('41caa796-4dc4-4aee-8a48-d39de35c7eda','fa1f71e2-7584-4494-83f2-01791f1072e3','53a2a9f3-3124-4682-9215-b14a4473747d',NULL,'Voonyx','2023-01-11 05:16:09+01','2023-06-12 00:39:17+02',6164.69,70,62),
	 ('102fd2e1-b4f4-443c-ab69-ba12d10639fc','13465445-fa9a-4c8e-adc7-659aac11da30','5cf14a3d-ca5e-4df9-942a-3e1b55fde422',NULL,'Reallinks','2023-07-11 22:23:28+02','2023-12-25 22:34:56+01',4654.68,70,11),
	 ('9ff4cbe5-fbe4-42b6-9406-9d2801bf54cb','6cd3b2da-7ac3-4c1d-8555-72c2471b966d','97866abe-667f-4b43-99bf-b7fc264a468b',NULL,'Thoughtstorm','2024-03-12 16:11:32+01','2024-11-21 08:02:34+01',9969.09,70,43),
	 ('cdf501e8-fb95-4859-a24a-84741831b89c','5649fa52-acbc-48a2-a029-ac60f20c4da3','2d02219f-ac9a-4a68-a0c3-30e5be4aca8a',NULL,'Katz','2024-11-24 21:21:30+01','2025-07-14 21:05:34+02',5786.74,70,43);
INSERT INTO public.flights (id,origin_id,destination_id,layover_id,airline_name,departure_date,arrival_date,distance,max_capacity,actual_capacity) VALUES
	 ('2f96fe24-6b24-4793-8163-5fdd18120dfe','80fd4878-504d-4ff1-a55d-ea249557df27','7c1cb423-2971-4a5c-9816-78c6cad06412',NULL,'Innojam','2024-08-25 07:21:41+02','2025-02-18 11:09:50+01',9105.46,70,29),
	 ('0b1201fd-733d-4927-b71f-aab81f6338b4','17831794-b536-42ce-aa50-8306971f2868','571a43dc-b184-4238-9250-4173249227f5',NULL,'Abata','2024-06-15 12:18:03+02','2024-04-01 13:35:38+02',5670.5,70,38),
	 ('6841a5e6-2e26-47c5-b76b-0b741412527a','8ecd3a95-d065-4ddc-88d8-129ff49e2172','1f65c8f2-d4bd-4fba-b3f7-5c88a971ed2f',NULL,'Tanoodle','2024-10-29 03:21:48+01','2024-12-06 02:56:34+01',2879.38,70,28),
	 ('835875c9-3742-40f1-988e-b05e5ef757ab','942bb66a-c2fa-45b7-9c06-0b3651149b6a','cd7ff342-18a5-4d9b-bb82-b6060436fc18',NULL,'Kayveo','2025-03-11 04:21:41+01','2024-12-09 01:24:15+01',2446.38,70,10),
	 ('a537fbd7-753f-4c78-8e84-aedde8f5fd96','c3020e98-c08d-46a8-9d08-a248c045a4c1','47620c21-3b33-4e03-b8a3-8f1704759867',NULL,'Voolith','2024-12-20 22:04:45+01','2025-01-01 09:15:57+01',1155.61,70,64),
	 ('7022b6dc-b3df-448e-8f90-3e36f274aee8','7b4dc683-dc47-437d-a830-a9eeff6febbb','62bef1d2-8aea-4d43-bb11-0e853c4fe2b5',NULL,'Zoombox','2023-03-01 13:07:24+01','2024-01-15 20:29:45+01',3572.29,70,32),
	 ('12599d67-cd19-4544-9735-5b6d5be8cf8c','918e6211-7a3a-4dcc-babf-8136d4202fb6','00343c05-da71-41c7-9d43-47db75f2a778',NULL,'Flashpoint','2024-07-14 23:52:11+02','2024-08-09 23:28:39+02',3313.26,70,16),
	 ('ab4d4ad9-3659-4c9e-985c-2c311c5d44ef','e673edf7-de2a-4549-b32d-a6e71df509f2','abd70a4f-3f8c-4723-8933-5316ea7a7b86',NULL,'Gabtype','2025-03-21 20:58:44+01','2024-12-05 21:29:31+01',5642.4,70,69),
	 ('fe076eef-005c-46f6-9545-850663374bc7','03a4420c-fe56-48c9-b0c8-cf5a78c5556f','82bbbe6b-3e1e-4567-a71c-c43350259afb',NULL,'InnoZ','2023-02-16 04:30:58+01','2024-08-26 05:05:32+02',5024.41,70,38),
	 ('de1b51b6-5b13-471d-b275-69face0b4806','6f25862e-7df0-466b-9425-4462a9482429','ce4bd31a-4895-4d2e-b0a4-97cb40d91275',NULL,'Mynte','2023-01-19 12:35:11+01','2023-11-15 13:33:00+01',3052.55,70,49);
INSERT INTO public.flights (id,origin_id,destination_id,layover_id,airline_name,departure_date,arrival_date,distance,max_capacity,actual_capacity) VALUES
	 ('427b00c6-8333-48e8-963c-a778806c2569','47620c21-3b33-4e03-b8a3-8f1704759867','e5ae1766-cb97-49bc-a12c-f62ecc31cac6',NULL,'Zoomlounge','2023-01-16 09:14:01+01','2025-03-13 08:35:53+01',2121.38,70,18),
	 ('e3ea832a-b718-42d6-a719-375a5c1c03ee','0a8d350f-a740-43e5-aea9-3417b7e4a49f','a455c040-40d3-4be8-a53e-0490130d46a2',NULL,'Bubblebox','2023-01-16 21:03:30+01','2024-07-10 04:47:48+02',3300.88,70,58),
	 ('295557a7-9387-432c-aa19-7b6e13143dc5','e5ae1766-cb97-49bc-a12c-f62ecc31cac6','5cf14a3d-ca5e-4df9-942a-3e1b55fde422',NULL,'Fivechat','2024-07-16 16:10:15+02','2024-05-03 18:46:04+02',5957.91,70,52),
	 ('4082682d-e3bf-461c-9bdb-95a11be4f52f','47620c21-3b33-4e03-b8a3-8f1704759867','e42b5ecf-9cf6-40f5-aeb9-1389870fcb9c',NULL,'Oodoo','2024-11-16 02:46:18+01','2024-01-17 02:46:19+01',8035.29,70,60),
	 ('3320893a-12d0-4ed6-89d7-f0d5eccf583c','2df0b812-a93e-4b39-bf48-d2db9b39441b','82bbbe6b-3e1e-4567-a71c-c43350259afb',NULL,'Twitterbridge','2024-03-24 19:28:25+01','2024-12-03 04:41:00+01',5625.22,70,30),
	 ('c800026f-c18d-462f-ade2-7159f148b094','abd70a4f-3f8c-4723-8933-5316ea7a7b86','048c7ee4-ac0a-4c21-b9b5-776a279fd54a',NULL,'Voonix','2023-09-16 01:37:16+02','2024-08-23 15:09:55+02',847.65,70,57),
	 ('c0a1c086-a23c-451d-9c0c-0c2c17306bda','13465445-fa9a-4c8e-adc7-659aac11da30','66ea0cce-e561-4342-a651-1c382aa4a654',NULL,'Twimm','2024-11-10 09:20:00+01','2025-09-12 00:59:56+02',7279.4,70,67),
	 ('b1725039-ea2d-4f2d-971b-a86ec1abea24','88ad13c3-1760-4bf5-9588-b934535f0b53','e4889d92-16ff-4dec-a474-ba5a9667af87',NULL,'Realbuzz','2025-02-07 05:08:55+01','2024-12-10 19:38:52+01',827.1,70,56),
	 ('da3f416c-306c-48e4-9a90-6a34ec8d08ce','20740a43-9f93-4c80-b57b-5385a881bc9f','6b70a4b6-325a-4e15-9bbf-b1bdf6f6c55b',NULL,'Trilia','2024-02-18 07:56:39+01','2024-11-26 07:19:36+01',6983.23,70,63),
	 ('4950edd8-a058-4bd4-a727-89e641f448e3','8ecd3a95-d065-4ddc-88d8-129ff49e2172','4bf5a9d2-14c2-418d-91e3-7fd56c0d4af7',NULL,'DabZ','2023-04-13 17:10:33+02','2024-05-02 23:55:10+02',5420.98,70,20);
INSERT INTO public.flights (id,origin_id,destination_id,layover_id,airline_name,departure_date,arrival_date,distance,max_capacity,actual_capacity) VALUES
	 ('247d9e9e-1e8a-4934-8e44-266dd042f364','b6c1aee4-b607-4916-8dc9-d0b069e54f7f','68526b47-8c36-4a01-8998-a37a978ebabc',NULL,'Twitterlist','2023-11-19 15:00:08+01','2024-11-22 14:30:26+01',3477.67,70,62),
	 ('6c074f83-d5f1-41a1-b665-a2cee967e89f','0a8d350f-a740-43e5-aea9-3417b7e4a49f','942bb66a-c2fa-45b7-9c06-0b3651149b6a',NULL,'Kazio','2025-01-05 14:57:33+01','2024-07-09 04:40:18+02',9227.4,70,14),
	 ('3e78a3ff-a387-4b10-8703-39647810f912','8ecd3a95-d065-4ddc-88d8-129ff49e2172','edc05156-6034-406c-ac41-93e2259d801e',NULL,'Kazio','2023-01-13 16:42:31+01','2023-07-07 12:03:22+02',6164.19,70,59),
	 ('a8cc4f03-7d4e-4859-86f8-7bf0cc441432','a17a66c0-bf53-4103-88c9-a2246e73deda','6f25862e-7df0-466b-9425-4462a9482429',NULL,'Thoughtbeat','2024-09-09 11:38:16+02','2024-12-02 13:27:48+01',9360.92,70,26),
	 ('167e78d1-4fc1-4280-9296-ac92a471c717','8a6417da-f0e8-4b5e-ad51-9dc22bcf0f81','a9607458-5bfb-452c-8461-6057bac280c5',NULL,'Centidel','2024-05-18 14:16:35+02','2024-02-11 11:54:18+01',9105.24,70,51),
	 ('a5276d93-3f4d-4901-800e-c0360b8a4700','b6c1aee4-b607-4916-8dc9-d0b069e54f7f','4845c46e-aa32-4bc3-b9a9-f326bce2fdf1',NULL,'Youtags','2023-11-28 00:54:59+01','2024-09-11 20:56:49+02',7813.39,70,65),
	 ('079f021e-3d0d-4c93-aebf-41b6e5ca5096','2df0b812-a93e-4b39-bf48-d2db9b39441b','7b4dc683-dc47-437d-a830-a9eeff6febbb',NULL,'Livefish','2024-10-21 05:44:15+02','2024-07-25 08:59:07+02',7795.34,70,69),
	 ('9f812be8-938c-4917-bea1-d991aa2f4963','88ad13c3-1760-4bf5-9588-b934535f0b53','20740a43-9f93-4c80-b57b-5385a881bc9f',NULL,'Kwideo','2023-05-30 18:10:28+02','2024-01-24 11:06:26+01',942.46,70,62),
	 ('06f90028-0dbd-4c29-b001-32c1cfd984bf','91d773dc-b346-4b3a-ae1b-f82b71bc7263','520dbc96-f562-4d4e-86a0-f4306485fbd9',NULL,'Gabtune','2025-03-05 10:50:54+01','2025-07-29 08:24:39+02',8885.18,70,34),
	 ('d986b1eb-476d-4836-b7fe-0ac470700eb6','a455c040-40d3-4be8-a53e-0490130d46a2','e5ae1766-cb97-49bc-a12c-f62ecc31cac6',NULL,'Wordpedia','2023-06-25 10:15:47+02','2025-03-14 14:09:38+01',9084.75,70,50);
INSERT INTO public.flights (id,origin_id,destination_id,layover_id,airline_name,departure_date,arrival_date,distance,max_capacity,actual_capacity) VALUES
	 ('8528e04f-d4f8-4a29-a5f7-05787b05196f','7b4dc683-dc47-437d-a830-a9eeff6febbb','66ea0cce-e561-4342-a651-1c382aa4a654',NULL,'Fiveclub','2024-05-28 03:10:41+02','2025-05-26 01:57:18+02',6953.47,70,67),
	 ('7f1c727f-518c-460d-99eb-6d15c6e88f80','03a4420c-fe56-48c9-b0c8-cf5a78c5556f','abd70a4f-3f8c-4723-8933-5316ea7a7b86',NULL,'Skimia','2023-11-07 01:40:12+01','2024-06-10 15:52:24+02',8308.57,70,53),
	 ('1f124cf7-10ad-4811-b87d-0c7949326a83','e03b7382-4fac-486f-8014-c04137720f15','fde49ef4-7453-4113-b772-6ffd24fc986f',NULL,'Fivespan','2023-12-24 19:41:23+01','2024-12-18 17:16:03+01',9536.7,70,48),
	 ('6927cc0b-c7e7-46ca-987d-85be9d9eb540','1d875dc1-10bf-4c05-9cfe-ff048249e756','ce6c436d-b568-461d-9b38-bd7f8b8843e9',NULL,'Jabberstorm','2023-08-09 17:05:39+02','2024-03-05 19:02:24+01',235.25,70,11),
	 ('fa588bd5-bfea-4929-bf9c-d51a2f798119','66ea0cce-e561-4342-a651-1c382aa4a654','92443c34-07e7-4cef-9af3-fac32d75b06b',NULL,'Flipbug','2023-08-03 16:41:18+02','2024-03-30 11:38:17+01',1739.95,70,46),
	 ('8705650d-acba-4887-b40e-78c82eb46017','1d875dc1-10bf-4c05-9cfe-ff048249e756','5649fa52-acbc-48a2-a029-ac60f20c4da3',NULL,'Meetz','2023-09-24 12:45:05+02','2024-09-12 06:06:35+02',6551.19,70,26),
	 ('439de07d-329b-47e6-b100-4cd0d4a3b28c','048c7ee4-ac0a-4c21-b9b5-776a279fd54a','00343c05-da71-41c7-9d43-47db75f2a778',NULL,'Oba','2023-02-28 15:21:05+01','2023-12-06 19:16:36+01',5084.19,70,57),
	 ('39daed25-75f4-4a7a-8af8-330009384920','f5ea3ee6-ee72-4197-8abe-3b85d7cccef2','942bb66a-c2fa-45b7-9c06-0b3651149b6a',NULL,'Kazio','2023-07-25 05:04:31+02','2024-06-05 09:21:45+02',1636.17,70,52),
	 ('a073fff8-6a31-4b65-874a-ddd188d46dee','20740a43-9f93-4c80-b57b-5385a881bc9f','f5ea3ee6-ee72-4197-8abe-3b85d7cccef2',NULL,'Fatz','2024-06-06 15:14:08+02','2025-02-27 21:09:15+01',545.77,70,44),
	 ('229ca726-2b9d-448e-b545-aafd2d548d5e','04600001-2665-4aea-8e88-c34fac519f59','8ecd3a95-d065-4ddc-88d8-129ff49e2172',NULL,'Flashpoint','2024-02-15 14:17:37+01','2024-06-10 18:09:13+02',6084.88,70,65);
INSERT INTO public.flights (id,origin_id,destination_id,layover_id,airline_name,departure_date,arrival_date,distance,max_capacity,actual_capacity) VALUES
	 ('ee014745-22f8-47d4-af47-4930825631ad','c40d01db-e72e-4546-acb2-3678552ac7e6','571a43dc-b184-4238-9250-4173249227f5',NULL,'Zava','2024-11-27 20:22:54+01','2025-06-01 02:00:31+02',1443.14,70,14),
	 ('c137a154-afad-4010-b18e-71dbe424a282','5cf14a3d-ca5e-4df9-942a-3e1b55fde422','b6c1aee4-b607-4916-8dc9-d0b069e54f7f',NULL,'Trudeo','2023-04-21 08:22:17+02','2023-07-22 21:35:37+02',4624.17,70,11),
	 ('462021c8-5b8b-42c9-a744-fa0ed8016e49','8860b53e-604d-4003-aa63-5b26340e2e1f','747567f9-ec1e-4a51-8f40-069b04a51432',NULL,'Meembee','2024-03-04 20:02:38+01','2024-03-23 10:49:25+01',1052.94,70,14),
	 ('c0771171-5163-4d20-ab42-5eb0a5fa05ce','7b4dc683-dc47-437d-a830-a9eeff6febbb','66ea0cce-e561-4342-a651-1c382aa4a654',NULL,'Centizu','2024-06-12 03:12:45+02','2025-02-02 23:38:42+01',2819.33,70,42),
	 ('378c304b-7fce-4613-a346-a0b8c132dec8','7a780116-3e82-4fee-b717-44828a7d383d','64c5deb4-3a80-4a9f-a176-c2f296612ce6',NULL,'Roodel','2024-07-22 02:08:47+02','2024-07-24 08:54:55+02',403.57,70,34),
	 ('8b10eeb2-f5b5-4ec7-8052-49b5081a2f55','abd70a4f-3f8c-4723-8933-5316ea7a7b86','b407d6b2-befe-4dcf-9ecd-a5c38da895b3',NULL,'Voonder','2023-11-23 12:06:55+01','2024-04-13 00:26:43+02',6255.69,70,24),
	 ('f0339941-acae-4606-ae81-d95fedd30d6b','99a5ef8c-4ce7-411f-8ad9-bfd6a1b96d7d','e03b7382-4fac-486f-8014-c04137720f15',NULL,'Flipstorm','2024-05-03 00:17:58+02','2024-05-11 12:18:08+02',8485.65,70,63),
	 ('82515fb0-acf5-49d9-a581-4c0132507b84','7b4dc683-dc47-437d-a830-a9eeff6febbb','fa1f71e2-7584-4494-83f2-01791f1072e3',NULL,'Rhybox','2023-11-02 07:01:04+01','2024-09-28 00:54:34+02',8643.7,70,37),
	 ('1d526c0e-2c53-4f33-8848-a0909d498cb7','e673edf7-de2a-4549-b32d-a6e71df509f2','6f25862e-7df0-466b-9425-4462a9482429',NULL,'Dabjam','2024-04-22 19:16:35+02','2024-01-22 19:14:00+01',8753.1,70,60),
	 ('d1f5746c-7d43-4621-a94c-35082624a910','2df0b812-a93e-4b39-bf48-d2db9b39441b','a932ed9f-baf0-4bbb-83db-fdf2b99d17c2',NULL,'Eamia','2024-04-20 12:00:27+02','2025-01-14 04:56:12+01',5342.65,70,28);
INSERT INTO public.flights (id,origin_id,destination_id,layover_id,airline_name,departure_date,arrival_date,distance,max_capacity,actual_capacity) VALUES
	 ('3c1df464-e8af-4fc4-9864-6a816ffd46fa','4a86dec0-6d74-4a6f-86f8-9e9e5e226578','b6c1aee4-b607-4916-8dc9-d0b069e54f7f',NULL,'DabZ','2023-09-01 02:38:39+02','2024-08-30 15:05:16+02',8282.6,70,52),
	 ('d30d4a51-b533-450e-afd3-e089b11d89d6','0a8d350f-a740-43e5-aea9-3417b7e4a49f','05e2ccbb-4667-4f7e-bb0f-8133095b829b',NULL,'Wikizz','2024-08-22 03:16:30+02','2025-07-30 03:41:25+02',7967.63,70,22),
	 ('bc0f92f4-fda7-4687-b68d-bbae82aae73b','4a86dec0-6d74-4a6f-86f8-9e9e5e226578','b350f33b-dfa9-474f-8f21-edeb6f8fabdf',NULL,'Riffpedia','2023-08-23 20:28:47+02','2024-02-10 20:05:25+01',2030.8,70,16),
	 ('0110f09c-67e3-4e88-8e24-72607d683051','95618502-6aa8-4bee-88d4-0aa837287a8f','7784641c-2345-4e04-a330-4409b227ddd2',NULL,'Jaxbean','2023-10-07 04:45:44+02','2024-11-17 04:17:03+01',7414.23,70,63),
	 ('d279bb50-3dfb-4161-808d-3a9712919838','e6953be4-256d-4e8d-bb1d-a5d56823320e','8a6417da-f0e8-4b5e-ad51-9dc22bcf0f81',NULL,'Ainyx','2023-05-23 21:27:54+02','2025-02-18 15:57:39+01',1253.84,70,14),
	 ('335ce816-b626-4474-9c8c-6d39bd48f76c','8abb4a02-2c4d-42fe-b811-a76851fab0e3','05e2ccbb-4667-4f7e-bb0f-8133095b829b',NULL,'Jamia','2023-12-13 17:31:21+01','2025-01-24 03:10:32+01',8828.31,70,16),
	 ('1ee89360-b702-43b4-ab5d-18bdf9412116','24ebce0c-05b9-4857-a812-b099fd87e355','c55d98e1-af2d-4fbb-82f4-08c9c44875ed',NULL,'Lazz','2024-06-03 08:18:24+02','2024-08-21 12:02:48+02',1878.73,70,37),
	 ('371437df-3c5a-427d-a2a0-3de36ae79bcc','0a8d350f-a740-43e5-aea9-3417b7e4a49f','832e0cad-2ba8-4eff-bebe-90a518b9a4ab',NULL,'Izio','2023-02-10 07:38:58+01','2023-04-26 02:34:13+02',9128.47,70,20),
	 ('5beb56ac-e978-4fb0-be43-c0ad6fb6c90f','207242ca-1d75-4cc5-9ccd-dbabce1766e3','00343c05-da71-41c7-9d43-47db75f2a778',NULL,'Browsedrive','2024-12-17 07:45:50+01','2024-03-12 05:29:45+01',6828.61,70,15),
	 ('c1ca28df-8efb-4dbc-92dc-db19efcd1597','f5ea3ee6-ee72-4197-8abe-3b85d7cccef2','e5ae1766-cb97-49bc-a12c-f62ecc31cac6',NULL,'Quaxo','2025-01-06 17:01:24+01','2025-04-19 05:10:14+02',1705.1,70,40);
INSERT INTO public.flights (id,origin_id,destination_id,layover_id,airline_name,departure_date,arrival_date,distance,max_capacity,actual_capacity) VALUES
	 ('3f96a457-1e13-4afe-b76a-636da0242317','00343c05-da71-41c7-9d43-47db75f2a778','e5ae1766-cb97-49bc-a12c-f62ecc31cac6',NULL,'Wordify','2025-02-11 10:41:03+01','2025-12-14 03:56:30+01',5283.72,70,42),
	 ('a59f4060-1d37-4200-98c1-42cc74f9245d','4a86dec0-6d74-4a6f-86f8-9e9e5e226578','66ea0cce-e561-4342-a651-1c382aa4a654',NULL,'Eadel','2024-11-27 13:57:06+01','2024-06-21 20:51:46+02',5819.21,70,25),
	 ('b8ff7e42-fead-47c1-b9b5-ca97ff854b44','747567f9-ec1e-4a51-8f40-069b04a51432','e6953be4-256d-4e8d-bb1d-a5d56823320e',NULL,'Flipstorm','2024-02-08 10:03:45+01','2024-12-27 10:18:41+01',7514.8,70,23),
	 ('3ce081c4-a47e-41eb-8dcf-acbe725fddd8','13465445-fa9a-4c8e-adc7-659aac11da30','a932ed9f-baf0-4bbb-83db-fdf2b99d17c2',NULL,'Yodo','2023-10-06 04:52:51+02','2024-09-05 12:22:33+02',3094.79,70,58),
	 ('ba8da8e8-6ce2-445b-acd5-2714f89ecbc2','28a12ff0-4a1e-46e1-9b14-81300feb96ec','e42b5ecf-9cf6-40f5-aeb9-1389870fcb9c',NULL,'Skipstorm','2023-06-30 09:03:22+02','2023-07-11 23:01:55+02',767.91,70,63),
	 ('5b4d2b99-060b-4989-bafa-6a9a9149c912','62bef1d2-8aea-4d43-bb11-0e853c4fe2b5','f5ea3ee6-ee72-4197-8abe-3b85d7cccef2',NULL,'Voonder','2023-08-22 05:47:17+02','2023-12-15 18:13:38+01',2242.92,70,11),
	 ('af41410a-065b-4a73-bce0-56229c024a19','2e8dc4c9-0c72-4e7f-b0e6-480767ef279e','64c5deb4-3a80-4a9f-a176-c2f296612ce6',NULL,'Vipe','2024-06-23 11:52:25+02','2024-11-23 02:42:52+01',3419.24,70,49),
	 ('46923ff5-af26-430b-9af8-50ea68dadb61','e42b5ecf-9cf6-40f5-aeb9-1389870fcb9c','7c1cb423-2971-4a5c-9816-78c6cad06412',NULL,'Skyvu','2024-04-20 04:27:36+02','2024-10-23 20:36:52+02',9304.06,70,56),
	 ('20147ebe-965b-4907-91c9-0da773cea098','c40d01db-e72e-4546-acb2-3678552ac7e6','048c7ee4-ac0a-4c21-b9b5-776a279fd54a',NULL,'Fatz','2023-08-02 04:50:10+02','2024-02-10 09:21:33+01',4732.98,70,45),
	 ('b473618a-bc15-434f-9a14-020527d64f23','8a6417da-f0e8-4b5e-ad51-9dc22bcf0f81','6cd3b2da-7ac3-4c1d-8555-72c2471b966d',NULL,'Youfeed','2023-07-20 04:31:34+02','2024-01-19 19:23:42+01',4965.64,70,43);
INSERT INTO public.flights (id,origin_id,destination_id,layover_id,airline_name,departure_date,arrival_date,distance,max_capacity,actual_capacity) VALUES
	 ('94953e5c-3b82-4073-9121-c646b6459a36','7a780116-3e82-4fee-b717-44828a7d383d','28a12ff0-4a1e-46e1-9b14-81300feb96ec',NULL,'Einti','2024-12-19 19:49:13+01','2025-04-15 15:29:25+02',6728.28,70,27),
	 ('2eaf9d67-c40e-4405-9a64-ddecc9d4ab30','832e0cad-2ba8-4eff-bebe-90a518b9a4ab','7b4dc683-dc47-437d-a830-a9eeff6febbb',NULL,'Wordpedia','2024-01-18 17:55:50+01','2024-01-23 00:48:17+01',3281.28,70,52),
	 ('b210ec4f-0963-4cee-b56d-bf7f05b34640','8ecd3a95-d065-4ddc-88d8-129ff49e2172','ce4bd31a-4895-4d2e-b0a4-97cb40d91275',NULL,'Yombu','2024-08-13 02:41:04+02','2024-09-29 07:37:43+02',718.1,70,42),
	 ('a4bf94fd-5c18-4e21-8257-07fe6a69e567','1ca1694a-debe-4d8e-a9c1-d32eccb3fde7','8abb4a02-2c4d-42fe-b811-a76851fab0e3',NULL,'Meevee','2024-10-02 19:02:29+02','2025-08-19 05:05:59+02',6795.26,70,43),
	 ('d772a829-9904-4c99-9fad-eeb5ac564e59','ea29c886-fe7c-4b18-9972-109e0a5c9b83','e4889d92-16ff-4dec-a474-ba5a9667af87',NULL,'Livefish','2023-12-23 17:11:20+01','2024-04-10 01:40:21+02',3225.51,70,61),
	 ('f11bf9c0-56af-48a1-9e0e-50d86fb6df88','493d59f8-018e-45e8-b1e3-b2609a2fe901','64c5deb4-3a80-4a9f-a176-c2f296612ce6',NULL,'DabZ','2024-06-19 19:10:59+02','2024-02-08 04:16:20+01',5796.89,70,48),
	 ('b5336722-f5cd-4bc4-8499-a6ee4cc0d22c','c3020e98-c08d-46a8-9d08-a248c045a4c1','99a5ef8c-4ce7-411f-8ad9-bfd6a1b96d7d',NULL,'Fiveclub','2024-12-20 03:55:45+01','2024-10-09 13:19:58+02',1823.27,70,44),
	 ('b866f544-9546-49cb-ab58-c0a59c4fdc36','6f25862e-7df0-466b-9425-4462a9482429','04600001-2665-4aea-8e88-c34fac519f59',NULL,'Katz','2023-05-22 23:12:56+02','2024-02-25 03:12:16+01',5432.03,70,33),
	 ('5a9dbedb-a79f-465e-a590-1bdc00687468','80fd4878-504d-4ff1-a55d-ea249557df27','f7e1fbdf-269a-44b5-ac30-f63abac1711b',NULL,'Yombu','2024-09-26 01:47:36+02','2024-07-18 20:21:32+02',2597.5,70,38),
	 ('3002a366-81e9-4089-89cd-276dd69af69b','41a82d46-228a-4c26-bdfc-7d7bbd5a9e82','edc05156-6034-406c-ac41-93e2259d801e',NULL,'Kazio','2023-10-11 21:08:47+02','2025-02-27 08:27:28+01',9577.44,70,65);
INSERT INTO public.flights (id,origin_id,destination_id,layover_id,airline_name,departure_date,arrival_date,distance,max_capacity,actual_capacity) VALUES
	 ('dc30a108-32be-4e30-8e67-0d427ab82e77','fde49ef4-7453-4113-b772-6ffd24fc986f','a455c040-40d3-4be8-a53e-0490130d46a2',NULL,'Feedmix','2023-10-22 03:05:36+02','2024-10-27 02:07:31+02',5301.39,70,64),
	 ('67803823-2118-4749-8b1a-5a0fd594d604','1ca1694a-debe-4d8e-a9c1-d32eccb3fde7','207242ca-1d75-4cc5-9ccd-dbabce1766e3',NULL,'Photojam','2024-01-27 03:12:09+01','2024-05-09 15:42:37+02',2108.31,70,11),
	 ('239a9ad4-e7ec-4b2b-981e-4157afef697f','a9607458-5bfb-452c-8461-6057bac280c5','9e163ae1-684c-4422-8b44-e50b446920af',NULL,'Zoomcast','2023-01-02 13:57:06+01','2024-07-09 14:50:31+02',5431.22,70,52),
	 ('8704eb37-0b93-4de5-b69e-50eb5efef891','f5ea3ee6-ee72-4197-8abe-3b85d7cccef2','bc1c6ad2-122a-4b90-aef3-2478349fd49e',NULL,'Jayo','2023-05-22 20:41:47+02','2024-03-30 16:58:45+01',1677.93,70,46),
	 ('68d01793-4a34-4e24-963a-adb24b307364','17831794-b536-42ce-aa50-8306971f2868','8a6417da-f0e8-4b5e-ad51-9dc22bcf0f81',NULL,'Bluezoom','2023-05-19 19:26:56+02','2024-10-29 08:38:38+01',3936.56,70,56),
	 ('6181154d-17a4-4e0e-9f79-3a33dc8101da','7b4dc683-dc47-437d-a830-a9eeff6febbb','fde49ef4-7453-4113-b772-6ffd24fc986f',NULL,'Yakidoo','2023-07-11 13:25:08+02','2024-04-11 07:44:20+02',257.27,70,24),
	 ('df9aa109-5136-4b6f-b813-1659420ca1cc','ea29c886-fe7c-4b18-9972-109e0a5c9b83','832e0cad-2ba8-4eff-bebe-90a518b9a4ab',NULL,'Ailane','2024-02-04 03:49:05+01','2025-02-13 16:41:09+01',5339.6,70,36),
	 ('17469b31-0800-4e58-ac02-2cfbf6b2cded','832e0cad-2ba8-4eff-bebe-90a518b9a4ab','a753521b-92a1-4ca5-ac8c-9f4740174982',NULL,'Jabberstorm','2025-02-22 17:02:57+01','2024-03-13 23:23:55+01',6007.46,70,20),
	 ('0fd54971-4707-456f-9696-1aa2ea041bd4','e76ad9e4-8a88-400d-baae-ed09dacd044b','4845c46e-aa32-4bc3-b9a9-f326bce2fdf1',NULL,'Viva','2023-10-24 21:44:36+02','2024-04-24 01:31:01+02',3455.6,70,27),
	 ('03ef1223-fc5f-477b-b149-e99f532c575b','d90cdbb6-3bfa-4686-b95d-a7bfdf486209','c40d01db-e72e-4546-acb2-3678552ac7e6',NULL,'Katz','2025-03-08 12:51:10+01','2025-02-08 14:26:04+01',9748.84,70,35);
INSERT INTO public.flights (id,origin_id,destination_id,layover_id,airline_name,departure_date,arrival_date,distance,max_capacity,actual_capacity) VALUES
	 ('216eea2d-1951-4bd9-8682-fa006c76fe05','c20168ad-d17a-4e9e-b127-b360316bee23','b6c1aee4-b607-4916-8dc9-d0b069e54f7f',NULL,'Zooveo','2023-11-12 06:10:06+01','2025-03-02 09:57:04+01',9694.8,70,14),
	 ('cd199bdc-1ed5-4ef0-a195-5a99289ee6d8','520dbc96-f562-4d4e-86a0-f4306485fbd9','88ad13c3-1760-4bf5-9588-b934535f0b53',NULL,'Layo','2023-01-24 23:16:30+01','2024-09-28 09:58:07+02',2443.94,70,48),
	 ('df53ee49-478d-4fee-8ead-79d7cfd260f2','8860b53e-604d-4003-aa63-5b26340e2e1f','e42b5ecf-9cf6-40f5-aeb9-1389870fcb9c',NULL,'Zoomcast','2025-01-04 12:39:19+01','2025-01-17 03:23:24+01',2474.17,70,50),
	 ('89fa1a0a-8505-45a3-8ec8-f022c1f55318','fde49ef4-7453-4113-b772-6ffd24fc986f','d90cdbb6-3bfa-4686-b95d-a7bfdf486209',NULL,'Zoovu','2023-09-07 12:03:58+02','2024-11-25 02:23:22+01',7001.86,70,12),
	 ('a13bc133-ab99-4808-9a5f-e7dfa7a7942d','8abb4a02-2c4d-42fe-b811-a76851fab0e3','a8ab8d0e-812d-4192-a4c1-2365bb61c1ac',NULL,'Skynoodle','2024-12-02 23:28:44+01','2025-02-28 20:54:32+01',5582.17,70,61),
	 ('7127fab1-b3d7-49af-8a83-09c997c38cc2','c3020e98-c08d-46a8-9d08-a248c045a4c1','7b4dc683-dc47-437d-a830-a9eeff6febbb',NULL,'Photospace','2024-10-01 06:03:39+02','2025-03-15 20:22:32+01',8394.37,70,70),
	 ('a1f0a516-cc42-4c46-96c2-a0a37ff229ac','61ba70b9-2cfc-449f-91b1-8a8197caa531','7b4dc683-dc47-437d-a830-a9eeff6febbb',NULL,'Innojam','2023-07-07 22:54:27+02','2024-07-23 20:26:17+02',3021.65,70,18),
	 ('0e0b09f4-2ffb-4165-8d7a-0c3fd103554a','7c1cb423-2971-4a5c-9816-78c6cad06412','04600001-2665-4aea-8e88-c34fac519f59',NULL,'Zoomlounge','2023-02-13 10:06:28+01','2024-10-29 04:43:46+01',2139.17,70,26),
	 ('cb0b4444-ce6d-49b2-9f41-851929ff84b7','5649fa52-acbc-48a2-a029-ac60f20c4da3','62bef1d2-8aea-4d43-bb11-0e853c4fe2b5',NULL,'Roodel','2023-07-08 17:39:33+02','2024-06-03 00:52:04+02',5141.26,70,26),
	 ('ab93dec0-fa35-4f91-87bd-af4c850068f2','8abb4a02-2c4d-42fe-b811-a76851fab0e3','b407d6b2-befe-4dcf-9ecd-a5c38da895b3',NULL,'Gabvine','2025-01-07 18:46:38+01','2024-05-15 14:24:30+02',5424.28,70,27);
INSERT INTO public.flights (id,origin_id,destination_id,layover_id,airline_name,departure_date,arrival_date,distance,max_capacity,actual_capacity) VALUES
	 ('4937174e-4639-4e8f-89b8-90fb51a9d7ac','a8ab8d0e-812d-4192-a4c1-2365bb61c1ac','ce4bd31a-4895-4d2e-b0a4-97cb40d91275',NULL,'Jabbersphere','2025-02-16 04:41:57+01','2024-04-05 19:41:03+02',4994.57,70,38),
	 ('bec5cdb4-9e96-46da-93fb-3c92c63fa060','13465445-fa9a-4c8e-adc7-659aac11da30','7a780116-3e82-4fee-b717-44828a7d383d',NULL,'Eare','2024-03-08 12:56:50+01','2025-01-30 09:54:33+01',2313.51,70,20),
	 ('fee64c63-1da9-41f3-a9f6-0b53f270a335','bc1c6ad2-122a-4b90-aef3-2478349fd49e','8860b53e-604d-4003-aa63-5b26340e2e1f',NULL,'Trudeo','2024-12-20 19:37:46+01','2025-03-21 13:11:27+01',3569.89,70,20),
	 ('ccc03c05-29d8-4154-bfda-4e3344785ce4','e4889d92-16ff-4dec-a474-ba5a9667af87','918e6211-7a3a-4dcc-babf-8136d4202fb6',NULL,'Dablist','2023-08-24 03:58:33+02','2024-08-04 06:46:32+02',4761.63,70,56),
	 ('07c9a4a1-ac99-4d4e-8e16-60259e868b57','5cf14a3d-ca5e-4df9-942a-3e1b55fde422','571a43dc-b184-4238-9250-4173249227f5',NULL,'Fanoodle','2023-07-11 21:05:56+02','2024-02-11 10:48:24+01',8556.42,70,32),
	 ('ce1b8426-ff3c-44e3-bbfb-4f6d56d99c7c','c20168ad-d17a-4e9e-b127-b360316bee23','7c1cb423-2971-4a5c-9816-78c6cad06412',NULL,'Demizz','2023-02-17 03:45:58+01','2024-09-03 08:22:37+02',666.8,70,18),
	 ('8763aedf-8aa1-44c0-aa1c-a59c7c6761fc','c40d01db-e72e-4546-acb2-3678552ac7e6','4a86dec0-6d74-4a6f-86f8-9e9e5e226578',NULL,'Yabox','2023-06-21 13:58:50+02','2024-05-29 08:56:24+02',9277.41,70,54),
	 ('b8a866f0-6d32-4ffb-b7b2-bacb02a212b2','92443c34-07e7-4cef-9af3-fac32d75b06b','66ea0cce-e561-4342-a651-1c382aa4a654',NULL,'Brightbean','2024-10-08 23:48:54+02','2025-01-15 02:46:34+01',6586.8,70,42),
	 ('7720953f-2b99-457a-9dea-f25276525624','5649fa52-acbc-48a2-a029-ac60f20c4da3','2d02219f-ac9a-4a68-a0c3-30e5be4aca8a',NULL,'Babblestorm','2025-01-04 15:21:19+01','2025-07-02 12:12:23+02',9128.43,70,28),
	 ('dcb26712-9275-4648-8015-6e3c71ed9845','4845c46e-aa32-4bc3-b9a9-f326bce2fdf1','b6c1aee4-b607-4916-8dc9-d0b069e54f7f',NULL,'Flashset','2024-02-09 14:09:55+01','2024-06-11 14:19:23+02',1283.1,70,21);
INSERT INTO public.flights (id,origin_id,destination_id,layover_id,airline_name,departure_date,arrival_date,distance,max_capacity,actual_capacity) VALUES
	 ('388c9dae-c1e3-4456-a6f9-a4b5cd47e856','8860b53e-604d-4003-aa63-5b26340e2e1f','493d59f8-018e-45e8-b1e3-b2609a2fe901',NULL,'Zooveo','2024-07-06 09:57:41+02','2024-08-23 16:48:16+02',9837.06,70,21),
	 ('ab894144-3085-49c5-b1c6-b759704f727a','ce6c436d-b568-461d-9b38-bd7f8b8843e9','a9607458-5bfb-452c-8461-6057bac280c5',NULL,'Zoombox','2024-09-30 09:16:20+02','2025-03-25 09:06:28+01',6056.95,70,14),
	 ('11916023-6d56-411f-8fc5-4b728377180e','c3020e98-c08d-46a8-9d08-a248c045a4c1','4bf5a9d2-14c2-418d-91e3-7fd56c0d4af7',NULL,'Jaxnation','2024-02-17 06:27:19+01','2024-04-14 03:03:38+02',2976.77,70,58),
	 ('6bb624e5-661d-4c6f-aad8-5366e25085a9','05e2ccbb-4667-4f7e-bb0f-8133095b829b','e5ae1766-cb97-49bc-a12c-f62ecc31cac6',NULL,'Gevee','2025-02-28 14:46:47+01','2025-07-17 07:25:37+02',8453.0,70,24),
	 ('0dea7578-6db8-4dba-8ebb-18b59214eb6d','a932ed9f-baf0-4bbb-83db-fdf2b99d17c2','8574c399-c755-46cd-b915-9360c35ea8b4',NULL,'Dabtype','2024-09-18 23:13:28+02','2024-09-03 23:24:22+02',5269.19,70,69),
	 ('50b76aa5-cf3c-47b1-a10f-6f55c926d7f1','a17a66c0-bf53-4103-88c9-a2246e73deda','e76ad9e4-8a88-400d-baae-ed09dacd044b',NULL,'Oyondu','2024-09-10 01:49:20+02','2025-02-10 01:52:55+01',5981.63,70,17),
	 ('477a03e3-9416-4b86-a716-5ac3c4e3f5df','fde49ef4-7453-4113-b772-6ffd24fc986f','64d08db0-a998-486a-b21d-3a498ba324cc',NULL,'Thoughtmix','2023-07-20 02:14:58+02','2024-11-23 08:14:05+01',2142.96,70,68),
	 ('87e87b3c-4258-424f-85bf-21a20135fa41','17831794-b536-42ce-aa50-8306971f2868','d90cdbb6-3bfa-4686-b95d-a7bfdf486209',NULL,'Oodoo','2024-09-09 21:53:26+02','2025-03-22 17:16:24+01',5099.97,70,25),
	 ('34d17da6-ee9a-4c74-9a34-9704866e3b41','e5ae1766-cb97-49bc-a12c-f62ecc31cac6','e5ae1766-cb97-49bc-a12c-f62ecc31cac6',NULL,'Ainyx','2024-10-27 09:29:48+01','2025-02-06 10:34:55+01',5161.31,70,35),
	 ('07becf28-6333-44c6-8c13-dfcd85fe6416','ace63fbe-bb7d-4549-b756-ca61ae6f3deb','41a82d46-228a-4c26-bdfc-7d7bbd5a9e82',NULL,'Jabbersphere','2023-05-02 07:04:38+02','2023-05-24 11:51:05+02',1768.14,70,37);
INSERT INTO public.flights (id,origin_id,destination_id,layover_id,airline_name,departure_date,arrival_date,distance,max_capacity,actual_capacity) VALUES
	 ('c0fb5a29-8321-45f4-ac88-2a9dada5cfd6','0a8d350f-a740-43e5-aea9-3417b7e4a49f','92443c34-07e7-4cef-9af3-fac32d75b06b',NULL,'Fivechat','2023-02-08 05:40:03+01','2024-06-17 11:18:17+02',9505.2,70,40),
	 ('fec335c0-6290-48f7-a305-806be92c58c7','82bbbe6b-3e1e-4567-a71c-c43350259afb','9e163ae1-684c-4422-8b44-e50b446920af',NULL,'Linklinks','2024-09-16 19:08:07+02','2025-01-27 12:32:15+01',2833.61,70,63),
	 ('59e370a6-f48c-4522-97d1-63a301060411','a9607458-5bfb-452c-8461-6057bac280c5','ace63fbe-bb7d-4549-b756-ca61ae6f3deb',NULL,'InnoZ','2023-10-09 02:45:45+02','2024-06-22 20:46:26+02',3403.53,70,43),
	 ('4823bee3-2f9c-45d8-8501-c632da38d74f','493d59f8-018e-45e8-b1e3-b2609a2fe901','fa1f71e2-7584-4494-83f2-01791f1072e3',NULL,'Realcube','2023-07-22 12:21:43+02','2024-05-25 04:41:48+02',4784.26,70,64),
	 ('84309fb8-662b-40f2-b825-2d2712fe81be','95618502-6aa8-4bee-88d4-0aa837287a8f','7b4dc683-dc47-437d-a830-a9eeff6febbb',NULL,'Topicshots','2024-12-14 23:49:59+01','2024-11-11 16:03:36+01',7377.16,70,44),
	 ('69b64492-7abb-42d3-8c55-1302ad3ef8ec','7b4dc683-dc47-437d-a830-a9eeff6febbb','04600001-2665-4aea-8e88-c34fac519f59',NULL,'Flipbug','2023-03-17 14:11:47+01','2023-05-06 07:43:53+02',5033.39,70,36),
	 ('586062be-be85-43bf-83df-372b41a3cfac','00343c05-da71-41c7-9d43-47db75f2a778','ace63fbe-bb7d-4549-b756-ca61ae6f3deb',NULL,'Demivee','2024-03-09 21:29:39+01','2024-06-29 20:21:54+02',9944.76,70,36),
	 ('5db362bb-9715-4afa-9ad2-41d9c9d65175','0a8d350f-a740-43e5-aea9-3417b7e4a49f','13465445-fa9a-4c8e-adc7-659aac11da30',NULL,'Browsezoom','2025-03-08 11:50:35+01','2025-12-03 08:30:21+01',9121.8,70,52),
	 ('18236e0c-2ce4-4f8e-ba08-b9bc38c00e6a','00343c05-da71-41c7-9d43-47db75f2a778','edc05156-6034-406c-ac41-93e2259d801e',NULL,'Skyble','2023-04-24 18:38:38+02','2024-02-04 18:42:09+01',7613.27,70,28),
	 ('3e909e61-697b-4307-bbfe-d30ae4cf87e4','e03b7382-4fac-486f-8014-c04137720f15','942bb66a-c2fa-45b7-9c06-0b3651149b6a',NULL,'Ainyx','2023-09-23 16:27:04+02','2024-11-15 04:03:25+01',1636.11,70,31);
INSERT INTO public.flights (id,origin_id,destination_id,layover_id,airline_name,departure_date,arrival_date,distance,max_capacity,actual_capacity) VALUES
	 ('0002378d-595b-4467-8ca6-794378cba397','7a780116-3e82-4fee-b717-44828a7d383d','8abb4a02-2c4d-42fe-b811-a76851fab0e3',NULL,'Jabbercube','2023-11-10 14:25:02+01','2024-09-20 08:15:15+02',2409.77,70,33),
	 ('8010413d-1511-4323-bbea-14541e776ef9','20740a43-9f93-4c80-b57b-5385a881bc9f','a17a66c0-bf53-4103-88c9-a2246e73deda',NULL,'Mynte','2025-03-05 16:04:15+01','2024-09-24 09:07:20+02',3482.1,70,68),
	 ('64a69ce3-d127-44d1-8c96-cc5aeffc1793','942bb66a-c2fa-45b7-9c06-0b3651149b6a','8860b53e-604d-4003-aa63-5b26340e2e1f',NULL,'Quimm','2023-06-01 22:37:43+02','2024-03-14 11:58:31+01',7215.87,70,56),
	 ('62d6db03-8295-4b2c-82d4-5357fd096bb3','2e8dc4c9-0c72-4e7f-b0e6-480767ef279e','1d875dc1-10bf-4c05-9cfe-ff048249e756',NULL,'Yata','2023-06-01 01:21:38+02','2023-11-30 09:42:58+01',2593.68,70,53),
	 ('41c8d4fd-b0a5-40c8-8c77-4f87b058b89f','ace63fbe-bb7d-4549-b756-ca61ae6f3deb','f7e1fbdf-269a-44b5-ac30-f63abac1711b',NULL,'Topicstorm','2024-03-12 08:43:46+01','2024-07-19 17:26:05+02',9066.71,70,70),
	 ('1bfc9461-6e43-420b-a894-782d638dd22f','fa1f71e2-7584-4494-83f2-01791f1072e3','a17a66c0-bf53-4103-88c9-a2246e73deda',NULL,'Dabvine','2023-02-28 19:20:58+01','2025-02-12 16:39:23+01',7024.26,70,39),
	 ('2442c16b-ffee-409e-b195-505bf37160b3','4bf5a9d2-14c2-418d-91e3-7fd56c0d4af7','ea29c886-fe7c-4b18-9972-109e0a5c9b83',NULL,'Linklinks','2024-01-05 15:01:57+01','2024-01-17 20:39:51+01',2772.94,70,56),
	 ('3dc39b47-8a72-45af-8cf3-f8fb10f3da2d','a8ab8d0e-812d-4192-a4c1-2365bb61c1ac','5649fa52-acbc-48a2-a029-ac60f20c4da3',NULL,'Dynabox','2024-10-29 09:21:33+01','2024-01-25 04:38:26+01',8679.72,70,36),
	 ('eed2d8cc-9781-4edc-80f8-849adbb4b825','e03b7382-4fac-486f-8014-c04137720f15','2d02219f-ac9a-4a68-a0c3-30e5be4aca8a',NULL,'Eabox','2023-07-13 20:34:02+02','2025-01-17 22:52:47+01',1907.46,70,52),
	 ('1b71e379-de98-43f1-aa1a-8ff61cb852e7','8860b53e-604d-4003-aa63-5b26340e2e1f','05e2ccbb-4667-4f7e-bb0f-8133095b829b',NULL,'Eire','2023-02-12 08:12:56+01','2024-03-27 00:21:59+01',9111.57,70,57);
INSERT INTO public.flights (id,origin_id,destination_id,layover_id,airline_name,departure_date,arrival_date,distance,max_capacity,actual_capacity) VALUES
	 ('d91e5af5-fdd0-495e-8369-1d86b0d25fa9','e42b5ecf-9cf6-40f5-aeb9-1389870fcb9c','7a780116-3e82-4fee-b717-44828a7d383d',NULL,'Kanoodle','2025-03-01 21:38:07+01','2024-06-26 16:44:05+02',6925.18,70,64),
	 ('7e737bda-30a7-4c38-8881-d21606e21870','c20168ad-d17a-4e9e-b127-b360316bee23','942bb66a-c2fa-45b7-9c06-0b3651149b6a',NULL,'Ntag','2024-05-26 17:47:16+02','2024-08-03 04:17:32+02',3320.21,70,48),
	 ('e39c8aed-ad56-4525-836f-a290afe1fc2e','82bbbe6b-3e1e-4567-a71c-c43350259afb','61ba70b9-2cfc-449f-91b1-8a8197caa531',NULL,'Snaptags','2024-11-05 07:29:39+01','2024-11-06 00:41:23+01',6215.04,70,41),
	 ('561283e5-e681-41a4-8dca-72623a3f561c','6f25862e-7df0-466b-9425-4462a9482429','6cd3b2da-7ac3-4c1d-8555-72c2471b966d',NULL,'Livetube','2025-03-07 08:27:29+01','2024-01-20 11:54:15+01',4345.31,70,39),
	 ('1f031b3b-c22b-4e78-89ec-5c9c1fe4a9f4','2a010c5e-e5e7-4f6e-a4ba-8cff9e0d931e','a9607458-5bfb-452c-8461-6057bac280c5',NULL,'Wikivu','2024-08-30 17:03:24+02','2024-05-28 11:15:50+02',3773.8,70,46),
	 ('af004157-7788-4602-9206-075dc3a38214','e03b7382-4fac-486f-8014-c04137720f15','97866abe-667f-4b43-99bf-b7fc264a468b',NULL,'InnoZ','2024-10-02 06:59:46+02','2025-03-26 04:39:19+01',4621.18,70,10),
	 ('14797f65-0741-49d0-97e3-7b44630c3700','048c7ee4-ac0a-4c21-b9b5-776a279fd54a','c3020e98-c08d-46a8-9d08-a248c045a4c1',NULL,'Cogilith','2023-11-08 00:54:27+01','2024-04-04 04:18:09+02',8502.3,70,63),
	 ('a065ee42-76e6-4c4c-879d-4b82b38dbad7','abd70a4f-3f8c-4723-8933-5316ea7a7b86','e76ad9e4-8a88-400d-baae-ed09dacd044b',NULL,'Dabjam','2024-06-30 21:37:41+02','2024-12-12 09:16:10+01',8781.23,70,12),
	 ('6188eff8-2aac-4865-9818-0e9b8e0837f3','493d59f8-018e-45e8-b1e3-b2609a2fe901','04600001-2665-4aea-8e88-c34fac519f59',NULL,'Avamba','2023-07-19 19:29:44+02','2024-03-05 11:47:39+01',7036.34,70,58),
	 ('dd71e413-81a8-4cc0-aa19-c92b5d544767','80fd4878-504d-4ff1-a55d-ea249557df27','e497ff41-d197-47f6-889c-471535571ddb',NULL,'Fanoodle','2024-05-06 11:54:56+02','2024-04-15 15:48:08+02',9629.57,70,70);
INSERT INTO public.flights (id,origin_id,destination_id,layover_id,airline_name,departure_date,arrival_date,distance,max_capacity,actual_capacity) VALUES
	 ('b53eacc0-5d54-481a-a300-59d0ce575450','a17a66c0-bf53-4103-88c9-a2246e73deda','2df0b812-a93e-4b39-bf48-d2db9b39441b',NULL,'Jayo','2024-04-11 13:45:49+02','2024-07-22 16:36:08+02',3714.27,70,46),
	 ('16531482-4717-4964-9f58-b125a738395a','7c1cb423-2971-4a5c-9816-78c6cad06412','e673edf7-de2a-4549-b32d-a6e71df509f2',NULL,'Meemm','2023-06-28 09:37:48+02','2024-08-20 06:26:49+02',3401.23,70,42),
	 ('b93db37d-0d7d-4468-a08c-ec9bcf5cb649','68526b47-8c36-4a01-8998-a37a978ebabc','62bef1d2-8aea-4d43-bb11-0e853c4fe2b5',NULL,'Brainlounge','2024-05-30 20:55:54+02','2025-04-15 06:02:39+02',7814.34,70,61),
	 ('497c7909-5678-4d81-883a-e53c062f0a90','e673edf7-de2a-4549-b32d-a6e71df509f2','9e163ae1-684c-4422-8b44-e50b446920af',NULL,'Trudeo','2023-12-17 04:10:28+01','2024-10-31 20:29:59+01',5188.37,70,58),
	 ('683127e3-d94c-45e3-8a94-4c92089f8aa3','03a4420c-fe56-48c9-b0c8-cf5a78c5556f','8ecd3a95-d065-4ddc-88d8-129ff49e2172',NULL,'Quimm','2024-10-24 02:44:31+02','2025-01-20 12:11:35+01',8611.6,70,50),
	 ('4157c280-28b6-4955-8758-1477f1340ccf','fde49ef4-7453-4113-b772-6ffd24fc986f','7a780116-3e82-4fee-b717-44828a7d383d',NULL,'Jabbercube','2023-12-04 21:46:54+01','2024-06-17 13:17:24+02',9442.22,70,68),
	 ('c9f52e1e-a92e-4412-93f3-20461430b24d','e4889d92-16ff-4dec-a474-ba5a9667af87','e6953be4-256d-4e8d-bb1d-a5d56823320e',NULL,'Jabberstorm','2025-02-10 16:13:03+01','2024-03-22 11:15:44+01',868.25,70,43),
	 ('3cff1a66-37d1-49d9-af5c-717e97bf9ba8','04600001-2665-4aea-8e88-c34fac519f59','2335b67a-34ab-43f2-9a5a-009462058ed2',NULL,'Oyondu','2024-06-09 20:14:54+02','2025-03-03 01:07:46+01',1301.96,70,13),
	 ('bdc8afb9-cc57-41fa-af46-7d5506b41cb9','edc05156-6034-406c-ac41-93e2259d801e','99a5ef8c-4ce7-411f-8ad9-bfd6a1b96d7d',NULL,'Cogibox','2024-04-10 02:28:13+02','2024-07-14 18:37:46+02',9568.6,70,31),
	 ('7550dada-5a91-4daf-956a-ca09e07e8d64','a753521b-92a1-4ca5-ac8c-9f4740174982','47620c21-3b33-4e03-b8a3-8f1704759867',NULL,'Rhynoodle','2023-05-08 17:51:23+02','2024-03-12 12:34:30+01',676.65,70,45);



-------------
-- TICKETS --
-------------

INSERT INTO public.tickets (id,customer_id,flight_id,price,has_luggage) VALUES
	 ('e646f101-1233-4e28-b135-d19391cf4f1c','35dbe5c9-044a-47e8-8f38-665ae318148a','ec0fc36d-6e5e-40af-8bf2-cfec5aeee4a5',2689.67,false),
	 ('e48ad7f8-7aee-43be-a4a7-2a2635bf8976','1304c7dd-c537-43d4-802a-7dbdc6ea0c12','e066f404-6335-4ca9-93b0-1abd35f344d9',2171.91,true),
	 ('0a5ebe71-baf7-4d8d-9bfe-c4cb1e0cf112','6e410846-0590-49f4-8c77-8ae64d17b52f','16e0fd6d-d606-4a7d-b16f-004c3731a23e',1507.23,false),
	 ('17502e56-5940-421f-a31e-4872d9767803','70c7737a-bc07-4a09-af21-b003549edc57','dcfadda5-3299-4a28-8273-808103a98384',2627.55,false),
	 ('43be9ba8-1de0-4c79-83f1-f435a373f5b7','a432f9fd-3499-4a81-8f50-d500ac63f03a','e90ce388-1c67-410b-b45f-56ca30d4113c',1974.63,true),
	 ('0914ade9-a66e-4c2f-a43a-c30f4ee2155e','7ff8b27e-6969-4a64-9d14-b1a08f94eb24','8cfb008d-1da8-46d0-a9d4-ea942c8e7caa',2660.3,false),
	 ('07b4aaef-e8a4-4680-ad03-e3beda2fb460','530fea64-96a7-4fc1-acba-599fb5f453b4','bc957a20-a942-4925-a873-7dff865fd654',169.48,false),
	 ('b2cad185-0e0a-4b53-a087-eeb5b2cb9849','6e410846-0590-49f4-8c77-8ae64d17b52f','f8376f2f-489d-4ce2-b3b7-f501ae2ef9fa',357.1,false),
	 ('5ea5c1ec-0906-40e5-b589-46fafbf8f03b','f16d8cc9-61ff-4b9e-97d3-7c198307f944','6a4f54f5-cc7b-48b0-a532-cdb97f81144e',478.09,false),
	 ('8b105c6a-9d87-4d45-aa2a-11997176852a','870373f5-29c8-41d9-9d57-f1923c5184e5','233a12d5-aa3d-4e60-a9a2-fa4afdb666bb',11.32,true);
INSERT INTO public.tickets (id,customer_id,flight_id,price,has_luggage) VALUES
	 ('02fa4de4-adad-49e1-b55e-b78a043d86e2','70c7737a-bc07-4a09-af21-b003549edc57','cc909240-b5d0-45a1-8e07-18421165d74b',1042.48,false),
	 ('e5ba1df9-066c-4926-a9e0-e5d8030c6db7','77bcbed3-eaa8-4b1e-a6f6-bf944f0a878e','17f60dc3-753a-478f-937c-1df951636c8b',2363.67,false),
	 ('8ce9e95b-155d-4824-80e8-0140996121dd','2287c963-acfe-4cb6-b53d-38e6de129afd','99d1ac55-3c05-42d0-83fb-32a5a701dc1b',1933.84,true),
	 ('436e2444-1d86-424a-8815-e2a4c9c32b81','acd528bc-1865-420b-9bf0-384299d0ec30','0df8d5ac-5eff-4c8f-a462-732ce4018c90',167.22,false),
	 ('aeaa49ba-f3bd-4aa0-86b1-21fa45ce9805','d84ef3ff-aeef-4164-a099-efeba49b48fe','233a12d5-aa3d-4e60-a9a2-fa4afdb666bb',959.71,false),
	 ('a869db3b-4663-410f-a1f3-63992e580d3e','21a0d400-4785-41b3-a52a-c6bd39db0b54','26606b3e-9e86-4579-8b12-6c799f1b9213',1535.81,false),
	 ('8037ef02-7dbe-4481-9f59-097a491c6fa1','aef86ee6-a588-44d7-8b1f-7587442eef3d','f8376f2f-489d-4ce2-b3b7-f501ae2ef9fa',1400.14,false),
	 ('ffa7a619-eab9-4150-bf18-6570d0da0b55','d84ef3ff-aeef-4164-a099-efeba49b48fe','45455f0d-db6c-4f8c-aa78-58bf555f2216',5.16,true),
	 ('357827f2-df04-45b0-a86f-002c9313709b','5c62064c-2bd3-47f7-9750-95b53470512a','46c103c4-6602-4f66-aff8-ee08de8a5771',1310.58,false),
	 ('2367feb9-7f00-4413-b333-4c6b2e03a53f','49f56638-c4bc-4777-9f5c-d9301e8b87ab','1667ea5f-d5c9-433e-902c-73ae7c39ef50',1175.88,false);
INSERT INTO public.tickets (id,customer_id,flight_id,price,has_luggage) VALUES
	 ('5e8dae88-465f-4280-96c7-2a53c547b10b','e2f7d685-b9a8-44d9-aec0-4bea7013225f','17f60dc3-753a-478f-937c-1df951636c8b',1255.58,true),
	 ('b1334b99-6d1f-4033-807c-05cc377e128a','baf0f982-af69-48fe-b04e-c6a5370cd9ec','51808afe-b648-4eb3-8fdb-cfd36d7af947',1374.74,false),
	 ('29964cf6-3b70-407e-b551-50efd6f3d8ef','f5430c07-2e73-4a67-9a4a-12db228e68c6','16bf19ee-c521-4605-9675-bacba5bba0c3',2483.28,false),
	 ('d3b75a5a-b8ba-4f4c-936c-43733bfa1eb5','4a17f191-fb82-4b3b-8062-49eb6e32bfa5','e90ce388-1c67-410b-b45f-56ca30d4113c',1984.41,true),
	 ('7ae6fc4e-d1e7-46ce-8893-9e34d08ee397','d6116974-23c6-40c9-ab55-ab20769a77ae','29a7d484-89ec-400c-a181-89b82ba1b0b2',222.56,true),
	 ('c6bc92ac-073e-4da4-8d0b-f05caadeb01e','1df11900-97f8-4051-8082-1fd0e0104a8d','7d2c2481-3f63-4b76-ab24-2ac4e112d471',440.21,true),
	 ('76898687-e679-4e52-a5e0-79f521206c2a','d63d087e-55b1-427b-8f02-794bf09452f9','1d10b14a-1cf8-46a3-8559-4d87bb31a42b',2094.04,true),
	 ('e817aabd-7668-49ad-82bc-7c9d287092f4','1252a8b9-eed9-4cf8-82f9-395400376c23','55af3c4f-d845-48c9-b0a6-f92d67d91fbf',2827.98,false),
	 ('6fcd1034-9f47-42c2-8747-9c98daaa369c','d63bc149-249d-4aa8-8b53-903e071e0c83','1b3e2b27-44b9-4216-b23a-a74d0f200bf8',2634.57,false),
	 ('08db3c1b-06c5-4491-92cc-2a012efdaff8','e2f7d685-b9a8-44d9-aec0-4bea7013225f','379ce78a-508c-49f8-b0e4-0b9f577c88b8',755.52,true);
INSERT INTO public.tickets (id,customer_id,flight_id,price,has_luggage) VALUES
	 ('12606229-7ec3-49bf-805e-15af54aabe14','d84ef3ff-aeef-4164-a099-efeba49b48fe','29a7d484-89ec-400c-a181-89b82ba1b0b2',2407.04,true),
	 ('60704eb0-a070-46aa-96e2-ef1907a974d0','bfeb3c96-6ae8-4cf0-b79d-89e3adc49705','e7a641ad-eb07-4e24-a962-f9152149fe10',705.95,true),
	 ('d7cd0622-3d2c-4658-8475-e16b318e1891','77b28120-d20d-4812-a066-efd54f9dcab2','a07520ed-b502-484a-ad23-58ed9820f101',692.67,false),
	 ('851fe430-191d-4fac-8693-8abc2ad47773','bfd471f1-807d-4458-b07b-ded71e3ea2f0','f0c9337b-872d-43d8-a1d0-52f4c3b9cb58',1281.36,false),
	 ('a39766c3-373a-405f-af3d-11aa51f6afb7','f93d2b23-60b8-4e12-8a24-66aa6cf7d066','757ac6bc-9908-4834-99ec-43f91064f4f9',2843.36,false),
	 ('49a9dffd-9196-4af8-898c-c1ecc1271b31','21f3e613-8d6e-4605-9902-c0f85cd22f25','26606b3e-9e86-4579-8b12-6c799f1b9213',962.04,false),
	 ('e10d3729-5fbc-432d-a8d9-e165a8e17b16','fde72f8f-cebc-4376-a197-995cc8151e0e','f0c9337b-872d-43d8-a1d0-52f4c3b9cb58',496.09,false),
	 ('084d049b-dc50-469a-8f1c-25ab4c2e24d2','6f245447-f93c-45c1-b1f3-dd9b6b9eef8e','6ae5ae42-322e-4fc1-82a4-f4d0ffc1df98',479.32,true),
	 ('8345fc7f-5287-4743-ab4f-b26d6a7b32df','5c85b3ef-f41e-4534-8516-bc3d7fb22355','bc762cba-2582-42c8-bfb0-e32c73907c45',5.97,true),
	 ('d602c2f3-6b02-421e-a0de-4c4a76d6e980','65edc170-93e2-4c36-8ded-2c06e91bb289','16bf19ee-c521-4605-9675-bacba5bba0c3',518.54,false);
INSERT INTO public.tickets (id,customer_id,flight_id,price,has_luggage) VALUES
	 ('bb1e4c6e-c8b9-4e0f-b61e-33994d2504ad','f16d8cc9-61ff-4b9e-97d3-7c198307f944','4afddadb-d09f-4b74-bc27-17e5ab1347fe',1009.66,false),
	 ('f9e7a333-c38b-47c1-aa0a-e361ad4eb6d9','1df11900-97f8-4051-8082-1fd0e0104a8d','ebee5ba4-7d8d-464a-bb4c-2a92dbffcd40',1912.29,true),
	 ('196fd54c-f32c-4fa6-a373-0f94cd9700af','9fcff638-1338-4332-91ad-3d73c25a8ded','681558b1-9f48-419d-98df-9e0f46072d06',244.29,true),
	 ('2f24f235-b3f5-4e99-b355-deffe6701549','10685bf5-1913-48f7-9acd-ab3a2843b27a','71dc6ead-b590-45b1-aa00-c0cd88879b79',205.96,true),
	 ('2a6f2fc3-ae3f-45da-b226-9f001bc5d474','8c511bc4-0ad9-4d27-a15e-4f0a29d66b85','22d0c62a-a70c-4c34-a0d2-b9c49429f08a',2671.83,true),
	 ('23ac644c-657c-4add-81c5-ed6b232d60ea','6ad6ad0b-dd4b-4b51-a0b0-94ea3ce7a447','bdd50a22-b3b8-48a2-8641-04f2a226285e',491.4,true),
	 ('32c92b4f-17f0-481e-88d5-4166530a2c56','be001980-2c32-44b6-b652-618f6ef1f916','8cfb008d-1da8-46d0-a9d4-ea942c8e7caa',2004.81,false),
	 ('e549c652-20c9-48c8-ab5a-64b01a70a4cb','1df11900-97f8-4051-8082-1fd0e0104a8d','9f4bd368-f3ac-46c4-8b87-686571c5c51a',2065.07,false),
	 ('02a5bf60-7e62-46aa-bde2-27ad8e3d809b','6d4a598e-f830-461d-bbd4-cbf03772b1a7','29a7d484-89ec-400c-a181-89b82ba1b0b2',918.44,true),
	 ('d1bbb90a-a804-43eb-a1ae-4db59b56dc83','a432f9fd-3499-4a81-8f50-d500ac63f03a','3fd7dbad-7125-42ea-9309-52f12182d4b2',1785.19,false);
INSERT INTO public.tickets (id,customer_id,flight_id,price,has_luggage) VALUES
	 ('efcb3973-0332-4791-a1f6-e4c7b015bf48','55779ec8-8ee0-4662-9e3a-d6cc2d21b3ce','dadbebca-b079-49b5-9e89-8586646bfd06',522.69,false),
	 ('17511357-0e07-4531-b545-69da3a82ec47','6e410846-0590-49f4-8c77-8ae64d17b52f','dd18c606-0a7b-4ff4-b94a-b5c19be0b8c4',1481.06,true),
	 ('8ae97843-9586-4a45-93a6-326ba1f2f23b','0613e894-fb0b-43ff-92a7-9c583ddefd70','dd18c606-0a7b-4ff4-b94a-b5c19be0b8c4',1148.27,false),
	 ('8f0a4c0e-9a71-4d91-b70d-2245d6178eb9','1252a8b9-eed9-4cf8-82f9-395400376c23','bc957a20-a942-4925-a873-7dff865fd654',1893.69,true),
	 ('512d7b81-7218-472b-a491-41bc7cf5bdbb','65edc170-93e2-4c36-8ded-2c06e91bb289','4afddadb-d09f-4b74-bc27-17e5ab1347fe',1323.14,true),
	 ('803de2ab-e8e0-4c1b-9a9e-854ba7ef4f3f','4a17f191-fb82-4b3b-8062-49eb6e32bfa5','fcc92d58-e274-40a6-b2a4-3183e5ff53b3',2403.69,true),
	 ('8823ab42-285a-4049-9273-53d519a6627b','91e98ac7-bbb3-49f5-82c8-b230eebfd66c','233a12d5-aa3d-4e60-a9a2-fa4afdb666bb',295.95,true),
	 ('40389399-9b0d-4016-a2b6-f1fd2198f374','1df11900-97f8-4051-8082-1fd0e0104a8d','6565b0b9-e074-4656-acd4-b9892edfa68d',1192.29,false),
	 ('9744af96-8732-4cbd-bf66-dc58cee856c9','9fcff638-1338-4332-91ad-3d73c25a8ded','765ddcec-c68d-4f2e-b843-9a70edbc6177',758.71,true),
	 ('b4d78fa0-3df2-4da1-a98d-41cfd4e21141','94a5025e-85b1-4f92-aefc-ca61c26b5fd9','ea3c0228-4cf8-4ea3-9f50-0e2049966c85',1356.45,true);
INSERT INTO public.tickets (id,customer_id,flight_id,price,has_luggage) VALUES
	 ('d08ab0f4-0108-4672-aa35-9c116c5e9d5a','6d4a598e-f830-461d-bbd4-cbf03772b1a7','dc427046-7b6b-4a8f-9fbb-37916f112518',930.27,false),
	 ('90c3ea83-b6fd-4c4b-9462-3a713600205a','65edc170-93e2-4c36-8ded-2c06e91bb289','2b9d714b-a50b-47c0-8b25-7a16ceb0a504',2916.15,true),
	 ('585bf3a9-f4d8-45d6-8b95-4807c41abe76','f16d8cc9-61ff-4b9e-97d3-7c198307f944','4d64d0ae-f8a3-4ac8-8eb3-dd48840daa7f',874.36,true),
	 ('84ba1be7-eff1-4243-965f-99af5c24dcb3','be001980-2c32-44b6-b652-618f6ef1f916','e36c07e9-d765-4ebb-8fb3-1b824f93ebab',2249.26,true),
	 ('91eb3674-1fe7-4692-8604-b1fbbbc8ef66','91e98ac7-bbb3-49f5-82c8-b230eebfd66c','757ac6bc-9908-4834-99ec-43f91064f4f9',1365.46,true),
	 ('d8b202bf-b4bb-4003-8429-0b7f1980dd1f','59bee825-38a2-443c-94f2-e80e12409139','e90ce388-1c67-410b-b45f-56ca30d4113c',2317.02,false),
	 ('7e0246d8-840a-4ce3-a6ce-d2a020c1f8d9','f16d8cc9-61ff-4b9e-97d3-7c198307f944','fb4f1503-98ce-4b19-950c-069c8877de4f',1414.22,true),
	 ('75568d07-9d10-405c-bc4b-46f49f1b4193','698ab98c-91d7-4c6d-b7e2-f7eb82400a50','1c73e004-b124-4438-a117-59fed90facb9',2271.5,false),
	 ('d67d777d-57ab-4729-ba1d-c0c84cdd4d5d','6d4a598e-f830-461d-bbd4-cbf03772b1a7','55af3c4f-d845-48c9-b0a6-f92d67d91fbf',801.12,false),
	 ('188cefc2-feb5-4916-b8d0-97af2e788822','77b28120-d20d-4812-a066-efd54f9dcab2','f85e0a47-f7fb-4793-876b-7ff448884604',1633.97,true);
INSERT INTO public.tickets (id,customer_id,flight_id,price,has_luggage) VALUES
	 ('0b1bd5e2-aa86-46bc-b432-20c1fbadc5fa','10685bf5-1913-48f7-9acd-ab3a2843b27a','fa5f65d9-8342-4373-920f-f1719a1355ea',2232.62,false),
	 ('3a2552fa-11ac-47ae-8053-c1261c4e419e','698ab98c-91d7-4c6d-b7e2-f7eb82400a50','3b33b034-4f2b-4ba4-b1b7-ecf74f6881f3',1937.93,true),
	 ('6c89bbb6-96c1-426b-9150-d955cb07fcd0','f5430c07-2e73-4a67-9a4a-12db228e68c6','6ae5ae42-322e-4fc1-82a4-f4d0ffc1df98',2644.35,true),
	 ('83307248-a339-4105-bd86-1a84a147e55d','f8b1dbf2-1dba-4cb0-91a2-06cb217c43cc','64401dd9-8b54-4556-b8c8-51f158acbc49',1251.73,true),
	 ('5ebb8b82-58a6-4cb4-a882-47f2529cb70b','5810ae0f-bee5-436c-92d9-11f4abf32f3d','ebee5ba4-7d8d-464a-bb4c-2a92dbffcd40',586.3,true),
	 ('32ab8059-213f-47e2-985a-e0115b4945b8','d84ef3ff-aeef-4164-a099-efeba49b48fe','4d64d0ae-f8a3-4ac8-8eb3-dd48840daa7f',2658.32,true),
	 ('be62b3b2-0ce9-422b-b619-376e075c703f','0613e894-fb0b-43ff-92a7-9c583ddefd70','0df8d5ac-5eff-4c8f-a462-732ce4018c90',1342.14,false),
	 ('067cf7d0-73dd-4c93-9d37-ee343e80d581','6ad6ad0b-dd4b-4b51-a0b0-94ea3ce7a447','2b9d714b-a50b-47c0-8b25-7a16ceb0a504',2452.05,true),
	 ('9f859a6e-23b4-43e3-b644-009a859b7b07','c6b0eed6-e6a3-41c1-9e82-99c3083afb16','398245a3-01c2-423a-abf3-5216f219003a',425.67,false),
	 ('16fb0827-d5f7-4bb4-bafb-f25d3bca8570','7a4cf94e-c350-4ec0-99ee-0acfe8440bbf','5dc30499-f5d3-4325-884a-62e746365775',1389.86,true);
INSERT INTO public.tickets (id,customer_id,flight_id,price,has_luggage) VALUES
	 ('b716958f-49ef-46a4-a993-736b2f4bc629','180c3b32-f901-4358-a51a-7899aea300c3','7d2c2481-3f63-4b76-ab24-2ac4e112d471',2889.52,false),
	 ('8925ba40-76fd-4418-94f4-8478b2d43d3d','a432f9fd-3499-4a81-8f50-d500ac63f03a','f8376f2f-489d-4ce2-b3b7-f501ae2ef9fa',2163.42,false),
	 ('bee40ced-1f90-4176-8fb5-b8efe426b78f','1cfbbd55-d354-4630-bd63-47b09dc20a5e','dd18c606-0a7b-4ff4-b94a-b5c19be0b8c4',142.14,true),
	 ('8a68888f-841a-4429-b22b-f380899d40d3','65edc170-93e2-4c36-8ded-2c06e91bb289','ea3c0228-4cf8-4ea3-9f50-0e2049966c85',1547.16,true),
	 ('09995ef7-96e4-4e6f-b757-49c9d5d1c21b','5810ae0f-bee5-436c-92d9-11f4abf32f3d','395210fe-a2c7-4e98-afbc-7350d2b3306b',667.75,false),
	 ('a5ec8687-81c8-4603-91e9-e8fb38ded173','c6b0eed6-e6a3-41c1-9e82-99c3083afb16','64401dd9-8b54-4556-b8c8-51f158acbc49',31.98,true),
	 ('ed141a6a-948e-45f4-8c59-4047650681b6','be001980-2c32-44b6-b652-618f6ef1f916','ec0fc36d-6e5e-40af-8bf2-cfec5aeee4a5',1753.08,false),
	 ('1a70c877-3d8e-4d46-9e55-c9ea02c4a211','59bee825-38a2-443c-94f2-e80e12409139','633f5040-9d9f-43fe-9358-505d03248fc7',2342.28,true),
	 ('160f246a-4cb2-4d07-9040-ff9d10cc1d20','55779ec8-8ee0-4662-9e3a-d6cc2d21b3ce','71dc6ead-b590-45b1-aa00-c0cd88879b79',402.85,false),
	 ('72e14056-0fa1-4a50-ab3e-7bfba51b9015','1091c62a-f4d1-4851-be3a-0f90ec300d84','233a12d5-aa3d-4e60-a9a2-fa4afdb666bb',2108.27,false);
INSERT INTO public.tickets (id,customer_id,flight_id,price,has_luggage) VALUES
	 ('b42375ff-aad5-4d89-a075-47760c68332b','d63d087e-55b1-427b-8f02-794bf09452f9','fa5f65d9-8342-4373-920f-f1719a1355ea',1021.07,true),
	 ('9594c48a-346d-43ee-9ae0-42375cd5f079','babaa54c-9e24-413a-82da-07c484b59e86','dd18c606-0a7b-4ff4-b94a-b5c19be0b8c4',2499.88,false),
	 ('5ac6a484-7294-4362-b804-70ae243d93e9','e3754d06-929c-4fec-a3c2-808c4c36bfde','0df8d5ac-5eff-4c8f-a462-732ce4018c90',1415.47,true),
	 ('f7dac964-77f2-45d4-9120-a9bd01ec91fe','01fae3fd-a260-40e2-bc06-de746f54fe97','a07520ed-b502-484a-ad23-58ed9820f101',1635.07,false),
	 ('b98d415f-fe2c-4446-8ee9-f03f018c6d0a','d63bc149-249d-4aa8-8b53-903e071e0c83','434608d0-09bd-4373-8dee-afc6f222c429',727.25,true),
	 ('d1e09785-1b02-468b-a44f-8593e5cd041f','3b3a1166-10d0-4c0b-89e0-0e7695fcc9d9','195818e3-b50f-4c68-8b23-5366300b232f',1003.35,true),
	 ('6ffe034b-0ed1-40f3-b794-13a1cb67838c','d63bc149-249d-4aa8-8b53-903e071e0c83','1667ea5f-d5c9-433e-902c-73ae7c39ef50',1046.3,true),
	 ('a7da3b6e-0cae-4897-bec8-b7d5b3d2e032','7972956b-c406-4de9-be9c-6fddb5c422ea','df4bc53d-45fd-4f72-87fb-a21e51ef1886',1263.68,true),
	 ('05f32806-9b70-45be-9abd-5db8cf26e780','94a5025e-85b1-4f92-aefc-ca61c26b5fd9','233a12d5-aa3d-4e60-a9a2-fa4afdb666bb',1184.25,false),
	 ('2905f59a-52aa-4a18-a78d-3c3ca1f14b6b','6beffda3-eff8-4e98-9e9f-86c56150c7aa','a234512f-af43-4b7b-b097-80205386c6af',417.98,true);
